ICURSO,QNIVEL,NNIVEL,BACTIVO,IUSUARIOCRE,IAPPCRE,IPCRE,FHCRE,IUSUARIOULT,IAPPULT,IPULT,FHULT
202,1,Capítulo,1,,,,2026-04-16T15:53:47.420Z,,,,2026-04-16T15:53:47.420Z
202,2,Título,1,,,,2026-04-16T15:53:47.420Z,,,,2026-04-16T15:53:47.420Z
ACT-CP2022,1,Capítulo,1,,,,2026-04-16T15:53:47.420Z,,,,2026-04-16T15:53:47.420Z
ACT-CP2022,2,Título,1,,,,2026-04-16T15:53:47.420Z,,,,2026-04-16T15:53:47.420Z
ACT-TRIB23,1,Capítulo,1,,,,2026-04-29T17:27:42.766Z,,,,2026-04-29T17:27:42.766Z
ACT-TRIB23,2,Título,1,,,,2026-04-29T17:27:42.766Z,,,,2026-04-29T17:27:42.766Z
ACT-TRIB24,1,Capítulo,1,,,,2026-04-28T14:26:46.360Z,,,,2026-04-28T14:26:46.360Z
ACT-TRIB24,2,Título,1,,,,2026-04-28T14:26:46.360Z,,,,2026-04-28T14:26:46.360Z
ACTCAP821,1,Capítulo,1,,,,2026-04-16T15:53:47.420Z,,,,2026-04-16T15:53:47.420Z
ACTCAP821,2,Título,1,,,,2026-04-16T15:53:47.420Z,,,,2026-04-16T15:53:47.420Z
AFADETE,1,Capítulo,1,,,,2026-04-16T15:53:47.420Z,,,,2026-04-16T15:53:47.420Z
AFADETE,2,Título,1,,,,2026-04-16T15:53:47.420Z,,,,2026-04-16T15:53:47.420Z
ANPP261125,1,Capítulo,1,,,,2026-04-16T15:53:47.420Z,,,,2026-04-16T15:53:47.420Z
ANPP261125,2,Título,1,,,,2026-04-16T15:53:47.420Z,,,,2026-04-16T15:53:47.420Z
AW40JCV917,1,Capítulo,1,,,,2026-04-16T15:53:47.420Z,,,,2026-04-16T15:53:47.420Z
AW40JCV917,2,Título,1,,,,2026-04-16T15:53:47.420Z,,,,2026-04-16T15:53:47.420Z
AW40MOD100,1,Capítulo,1,,,,2026-04-23T22:59:50.950Z,,,,2026-04-23T22:59:50.950Z
AW40MOD100,2,Título,1,,,,2026-04-23T22:59:50.953Z,,,,2026-04-23T22:59:50.953Z
AW40MOD110,1,Capítulo,1,,,,2026-04-16T15:53:47.420Z,,,,2026-04-16T15:53:47.420Z
AW40MOD110,2,Título,1,,,,2026-04-16T15:53:47.420Z,,,,2026-04-16T15:53:47.420Z
AW40MOD120,1,Capítulo,1,,,,2026-05-01T10:10:43.866Z,,,,2026-05-01T10:10:43.866Z
AW40MOD120,2,Título,1,,,,2026-05-01T10:10:43.866Z,,,,2026-05-01T10:10:43.866Z
AW40MOD130,1,Capítulo,1,,,,2026-04-16T15:53:47.420Z,,,,2026-04-16T15:53:47.420Z
AW40MOD130,2,Título,1,,,,2026-04-16T15:53:47.420Z,,,,2026-04-16T15:53:47.420Z
AW40MOD140,1,Capítulo,1,,,,2026-04-16T15:53:47.420Z,,,,2026-04-16T15:53:47.420Z
AW40MOD140,2,Título,1,,,,2026-04-16T15:53:47.420Z,,,,2026-04-16T15:53:47.420Z
AW40MOD150,1,Capítulo,1,,,,2026-04-16T15:53:47.420Z,,,,2026-04-16T15:53:47.420Z
AW40MOD150,2,Título,1,,,,2026-04-16T15:53:47.420Z,,,,2026-04-16T15:53:47.420Z
AW40MOD160,1,Capítulo,1,,,,2026-04-16T15:53:47.420Z,,,,2026-04-16T15:53:47.420Z
AW40MOD160,2,Título,1,,,,2026-04-16T15:53:47.420Z,,,,2026-04-16T15:53:47.420Z
AW40MOD170,1,Capítulo,1,,,,2026-04-16T15:53:47.420Z,,,,2026-04-16T15:53:47.420Z
AW40MOD170,2,Título,1,,,,2026-04-16T15:53:47.420Z,,,,2026-04-16T15:53:47.420Z
AW40MOD180,1,Capítulo,1,,,,2026-04-16T15:53:47.420Z,,,,2026-04-16T15:53:47.420Z
AW40MOD180,2,Título,1,,,,2026-04-16T15:53:47.420Z,,,,2026-04-16T15:53:47.420Z
AW40MOD190,1,Capítulo,1,,,,2026-04-16T15:53:47.420Z,,,,2026-04-16T15:53:47.420Z
AW40MOD190,2,Título,1,,,,2026-04-16T15:53:47.420Z,,,,2026-04-16T15:53:47.420Z
AW40MOD200,1,Capítulo,1,,,,2026-04-16T15:53:47.420Z,,,,2026-04-16T15:53:47.420Z
AW40MOD200,2,Título,1,,,,2026-04-16T15:53:47.420Z,,,,2026-04-16T15:53:47.420Z
AW40MOD210,1,Capítulo,1,,,,2026-04-16T15:53:47.420Z,,,,2026-04-16T15:53:47.420Z
AW40MOD210,2,Título,1,,,,2026-04-16T15:53:47.420Z,,,,2026-04-16T15:53:47.420Z
AW40MOD220,1,Capítulo,1,,,,2026-04-16T15:53:47.420Z,,,,2026-04-16T15:53:47.420Z
AW40MOD220,2,Título,1,,,,2026-04-16T15:53:47.420Z,,,,2026-04-16T15:53:47.420Z
AW40MOD230,1,Capítulo,1,,,,2026-04-16T15:53:47.420Z,,,,2026-04-16T15:53:47.420Z
AW40MOD230,2,Título,1,,,,2026-04-16T15:53:47.420Z,,,,2026-04-16T15:53:47.420Z
AW40MOD240,1,Capítulo,1,,,,2026-04-16T15:53:47.420Z,,,,2026-04-16T15:53:47.420Z
AW40MOD240,2,Título,1,,,,2026-04-16T15:53:47.420Z,,,,2026-04-16T15:53:47.420Z
AW40MOD250,1,Capítulo,1,,,,2026-04-16T15:53:47.420Z,,,,2026-04-16T15:53:47.420Z
AW40MOD250,2,Título,1,,,,2026-04-16T15:53:47.420Z,,,,2026-04-16T15:53:47.420Z
AW40MOD260,1,Capítulo,1,,,,2026-04-16T15:53:47.420Z,,,,2026-04-16T15:53:47.420Z
AW40MOD260,2,Título,1,,,,2026-04-16T15:53:47.420Z,,,,2026-04-16T15:53:47.420Z
AW4JC09-16,1,Capítulo,1,,,,2026-04-16T15:53:47.420Z,,,,2026-04-16T15:53:47.420Z
AW4JC09-16,2,Título,1,,,,2026-04-16T15:53:47.420Z,,,,2026-04-16T15:53:47.420Z
BAS_XSPLIT,1,Capítulo,1,,,,2026-04-16T15:53:47.420Z,,,,2026-04-16T15:53:47.420Z
BAS_XSPLIT,2,Título,1,,,,2026-04-16T15:53:47.420Z,,,,2026-04-16T15:53:47.420Z
CAPCPR8,1,Capítulo,1,,,,2026-04-16T15:53:47.420Z,,,,2026-04-16T15:53:47.420Z
CAPCPR8,2,Título,1,,,,2026-04-16T15:53:47.420Z,,,,2026-04-16T15:53:47.420Z
CAPCPR8DIS,1,Capítulo,1,,,,2026-04-16T15:53:47.420Z,,,,2026-04-16T15:53:47.420Z
CAPCPR8DIS,2,Título,1,,,,2026-04-16T15:53:47.420Z,,,,2026-04-16T15:53:47.420Z
CAPINTERNA,1,Capítulo,1,,,,2026-04-16T15:53:47.420Z,,,,2026-04-16T15:53:47.420Z
CAPINTERNA,2,Título,1,,,,2026-04-16T15:53:47.420Z,,,,2026-04-16T15:53:47.420Z
CCCONSCONT,1,Capítulo,1,,,,2026-04-16T15:53:47.420Z,,,,2026-04-16T15:53:47.420Z
CCCONSCONT,2,Título,1,,,,2026-04-16T15:53:47.420Z,,,,2026-04-16T15:53:47.420Z
CCDECREN17,1,Capítulo,1,,,,2026-04-16T15:53:47.420Z,,,,2026-04-16T15:53:47.420Z
CCDECREN17,2,Título,1,,,,2026-04-16T15:53:47.420Z,,,,2026-04-16T15:53:47.420Z
CCMEDMAG16,1,Capítulo,1,,,,2026-04-16T15:53:47.420Z,,,,2026-04-16T15:53:47.420Z
CCMEDMAG16,2,Título,1,,,,2026-04-16T15:53:47.420Z,,,,2026-04-16T15:53:47.420Z
CCNIIFSF,1,Capítulo,1,,,,2026-04-16T15:53:47.420Z,,,,2026-04-16T15:53:47.420Z
CCNIIFSF,2,Título,1,,,,2026-04-16T15:53:47.420Z,,,,2026-04-16T15:53:47.420Z
CCNIIFSF18,1,Capítulo,1,,,,2026-04-16T15:53:47.420Z,,,,2026-04-16T15:53:47.420Z
CCNIIFSF18,2,Título,1,,,,2026-04-16T15:53:47.420Z,,,,2026-04-16T15:53:47.420Z
CCNIIFSF19,1,Capítulo,1,,,,2026-04-16T15:53:47.420Z,,,,2026-04-16T15:53:47.420Z
CCNIIFSF19,2,Título,1,,,,2026-04-16T15:53:47.420Z,,,,2026-04-16T15:53:47.420Z
CCNIIFSF20,1,Capítulo,1,,,,2026-04-16T15:53:47.420Z,,,,2026-04-16T15:53:47.420Z
CCNIIFSF20,2,Título,1,,,,2026-04-16T15:53:47.420Z,,,,2026-04-16T15:53:47.420Z
CCNIIFSP19,1,Capítulo,1,,,,2026-04-16T15:53:47.420Z,,,,2026-04-16T15:53:47.420Z
CCNIIFSP19,2,Título,1,,,,2026-04-16T15:53:47.420Z,,,,2026-04-16T15:53:47.420Z
CCREFTRIMF,1,Capítulo,1,,,,2026-04-16T15:53:47.420Z,,,,2026-04-16T15:53:47.420Z
CCREFTRIMF,2,Título,1,,,,2026-04-16T15:53:47.420Z,,,,2026-04-16T15:53:47.420Z
CCYF021225,1,Capítulo,1,,,,2026-04-16T15:53:47.420Z,,,,2026-04-16T15:53:47.420Z
CCYF021225,2,Título,1,,,,2026-04-16T15:53:47.420Z,,,,2026-04-16T15:53:47.420Z
CEI180226,1,Capítulo,1,,,,2026-04-16T15:53:47.420Z,,,,2026-04-16T15:53:47.420Z
CEI180226,2,Título,1,,,,2026-04-16T15:53:47.420Z,,,,2026-04-16T15:53:47.420Z
CGINVE2022,1,Capítulo,1,,,,2026-04-16T15:53:47.420Z,,,,2026-04-16T15:53:47.420Z
CGINVE2022,2,Título,1,,,,2026-04-16T15:53:47.420Z,,,,2026-04-16T15:53:47.420Z
CIERREC-24,1,Capítulo,1,,,,2026-04-16T15:53:47.420Z,,,,2026-04-16T15:53:47.420Z
CIERREC-24,2,Título,1,,,,2026-04-16T15:53:47.420Z,,,,2026-04-16T15:53:47.420Z
CIERREF-23,1,Capítulo,1,,,,2026-04-16T15:53:47.420Z,,,,2026-04-16T15:53:47.420Z
CIERREF-23,2,Título,1,,,,2026-04-16T15:53:47.420Z,,,,2026-04-16T15:53:47.420Z
CONFIMP921,1,Capítulo,1,,,,2026-04-16T15:53:47.420Z,,,,2026-04-16T15:53:47.420Z
CONFIMP921,2,Título,1,,,,2026-04-16T15:53:47.420Z,,,,2026-04-16T15:53:47.420Z
CP_EXO321,1,Capítulo,1,,,,2026-04-16T15:53:47.420Z,,,,2026-04-16T15:53:47.420Z
CP_EXO321,2,Título,1,,,,2026-04-16T15:53:47.420Z,,,,2026-04-16T15:53:47.420Z
CP_NE221,1,Capítulo,1,,,,2026-04-16T15:53:47.420Z,,,,2026-04-16T15:53:47.420Z
CP_NE221,2,Título,1,,,,2026-04-16T15:53:47.420Z,,,,2026-04-16T15:53:47.420Z
CP40MOD005,1,Capítulo,1,,,,2026-04-16T15:53:47.420Z,,,,2026-04-16T15:53:47.420Z
CP40MOD005,2,Título,1,,,,2026-04-16T15:53:47.420Z,,,,2026-04-16T15:53:47.420Z
CP40MOD010,1,Capítulo,1,,,,2026-04-16T15:53:47.420Z,,,,2026-04-16T15:53:47.420Z
CP40MOD010,2,Título,1,,,,2026-04-16T15:53:47.420Z,,,,2026-04-16T15:53:47.420Z
CP40MOD020,1,Capítulo,1,,,,2026-04-16T15:53:47.420Z,,,,2026-04-16T15:53:47.420Z
CP40MOD020,2,Título,1,,,,2026-04-16T15:53:47.420Z,,,,2026-04-16T15:53:47.420Z
CP40MOD025,1,Capítulo,1,,,,2026-04-16T15:53:47.420Z,,,,2026-04-16T15:53:47.420Z
CP40MOD025,2,Título,1,,,,2026-04-16T15:53:47.420Z,,,,2026-04-16T15:53:47.420Z
CP40MOD030,1,Capítulo,1,,,,2026-04-16T15:53:47.420Z,,,,2026-04-16T15:53:47.420Z
CP40MOD030,2,Título,1,,,,2026-04-16T15:53:47.420Z,,,,2026-04-16T15:53:47.420Z
CP40MOD040,1,Capítulo,1,,,,2026-04-16T15:53:47.420Z,,,,2026-04-16T15:53:47.420Z
CP40MOD040,2,Título,1,,,,2026-04-16T15:53:47.420Z,,,,2026-04-16T15:53:47.420Z
CP40MOD050,1,Capítulo,1,,,,2026-04-16T15:53:47.420Z,,,,2026-04-16T15:53:47.420Z
CP40MOD050,2,Título,1,,,,2026-04-16T15:53:47.420Z,,,,2026-04-16T15:53:47.420Z
CP40MOD060,1,Capítulo,1,,,,2026-04-16T15:53:47.420Z,,,,2026-04-16T15:53:47.420Z
CP40MOD060,2,Título,1,,,,2026-04-16T15:53:47.420Z,,,,2026-04-16T15:53:47.420Z
CP40MOD070,1,Capítulo,1,,,,2026-04-16T15:53:47.420Z,,,,2026-04-16T15:53:47.420Z
CP40MOD070,2,Título,1,,,,2026-04-16T15:53:47.420Z,,,,2026-04-16T15:53:47.420Z
CP40MOD075,1,Capítulo,1,,,,2026-04-16T15:53:47.420Z,,,,2026-04-16T15:53:47.420Z
CP40MOD075,2,Título,1,,,,2026-04-16T15:53:47.420Z,,,,2026-04-16T15:53:47.420Z
CP40MOD080,1,Capítulo,1,,,,2026-04-16T15:53:47.420Z,,,,2026-04-16T15:53:47.420Z
CP40MOD080,2,Título,1,,,,2026-04-16T15:53:47.420Z,,,,2026-04-16T15:53:47.420Z
CP40MOD085,1,Capítulo,1,,,,2026-04-16T15:53:47.420Z,,,,2026-04-16T15:53:47.420Z
CP40MOD085,2,Título,1,,,,2026-04-16T15:53:47.420Z,,,,2026-04-16T15:53:47.420Z
CP40MOD090,1,Capítulo,1,,,,2026-04-16T15:53:47.420Z,,,,2026-04-16T15:53:47.420Z
CP40MOD090,2,Título,1,,,,2026-04-16T15:53:47.420Z,,,,2026-04-16T15:53:47.420Z
CP40MOD091,1,Capítulo,1,,,,2026-04-16T15:53:47.420Z,,,,2026-04-16T15:53:47.420Z
CP40MOD091,2,Título,1,,,,2026-04-16T15:53:47.420Z,,,,2026-04-16T15:53:47.420Z
CP40MOD092,1,Capítulo,1,,,,2026-04-16T15:53:47.420Z,,,,2026-04-16T15:53:47.420Z
CP40MOD092,2,Título,1,,,,2026-04-16T15:53:47.420Z,,,,2026-04-16T15:53:47.420Z
CP40MOD093,1,Capítulo,1,,,,2026-04-16T15:53:47.420Z,,,,2026-04-16T15:53:47.420Z
CP40MOD093,2,Título,1,,,,2026-04-16T15:53:47.420Z,,,,2026-04-16T15:53:47.420Z
CP40MOD094,1,Capítulo,1,,,,2026-04-16T15:53:47.420Z,,,,2026-04-16T15:53:47.420Z
CP40MOD094,2,Título,1,,,,2026-04-16T15:53:47.420Z,,,,2026-04-16T15:53:47.420Z
CP40MOD095,1,Capítulo,1,,,,2026-04-16T15:53:47.420Z,,,,2026-04-16T15:53:47.420Z
CP40MOD095,2,Título,1,,,,2026-04-16T15:53:47.420Z,,,,2026-04-16T15:53:47.420Z
CP40MOD096,1,Capítulo,1,,,,2026-04-16T15:53:47.420Z,,,,2026-04-16T15:53:47.420Z
CP40MOD096,2,Título,1,,,,2026-04-16T15:53:47.420Z,,,,2026-04-16T15:53:47.420Z
CP40MOD100,1,Capítulo,1,,,,2026-04-16T15:53:47.420Z,,,,2026-04-16T15:53:47.420Z
CP40MOD100,2,Título,1,,,,2026-04-16T15:53:47.420Z,,,,2026-04-16T15:53:47.420Z
CP40MOD110,1,Capítulo,1,,,,2026-04-16T15:53:47.420Z,,,,2026-04-16T15:53:47.420Z
CP40MOD110,2,Título,1,,,,2026-04-16T15:53:47.420Z,,,,2026-04-16T15:53:47.420Z
CP40MOD120,1,Capítulo,1,,,,2026-04-16T15:53:47.420Z,,,,2026-04-16T15:53:47.420Z
CP40MOD120,2,Título,1,,,,2026-04-16T15:53:47.420Z,,,,2026-04-16T15:53:47.420Z
CP40MOD130,1,Capítulo,1,,,,2026-04-16T15:53:47.420Z,,,,2026-04-16T15:53:47.420Z
CP40MOD130,2,Título,1,,,,2026-04-16T15:53:47.420Z,,,,2026-04-16T15:53:47.420Z
CP40MOD135,1,Capítulo,1,,,,2026-04-16T15:53:47.420Z,,,,2026-04-16T15:53:47.420Z
CP40MOD135,2,Título,1,,,,2026-04-16T15:53:47.420Z,,,,2026-04-16T15:53:47.420Z
CP40MOD140,1,Capítulo,1,,,,2026-04-16T15:53:47.420Z,,,,2026-04-16T15:53:47.420Z
CP40MOD140,2,Título,1,,,,2026-04-16T15:53:47.420Z,,,,2026-04-16T15:53:47.420Z
CP40MOD150,1,Capítulo,1,,,,2026-04-16T15:53:47.420Z,,,,2026-04-16T15:53:47.420Z
CP40MOD150,2,Título,1,,,,2026-04-16T15:53:47.420Z,,,,2026-04-16T15:53:47.420Z
CP40MOD160,1,Capítulo,1,,,,2026-04-16T15:53:47.420Z,,,,2026-04-16T15:53:47.420Z
CP40MOD160,2,Título,1,,,,2026-04-16T15:53:47.420Z,,,,2026-04-16T15:53:47.420Z
CP40MOD170,1,Capítulo,1,,,,2026-04-16T15:53:47.420Z,,,,2026-04-16T15:53:47.420Z
CP40MOD170,2,Título,1,,,,2026-04-16T15:53:47.420Z,,,,2026-04-16T15:53:47.420Z
CP40MOD180,1,Capítulo,1,,,,2026-04-16T15:53:47.420Z,,,,2026-04-16T15:53:47.420Z
CP40MOD180,2,Título,1,,,,2026-04-16T15:53:47.420Z,,,,2026-04-16T15:53:47.420Z
CP40MOD185,1,Capítulo,1,,,,2026-04-16T15:53:47.420Z,,,,2026-04-16T15:53:47.420Z
CP40MOD185,2,Título,1,,,,2026-04-16T15:53:47.420Z,,,,2026-04-16T15:53:47.420Z
CP40MOD190,1,Capítulo,1,,,,2026-04-16T15:53:47.420Z,,,,2026-04-16T15:53:47.420Z
CP40MOD190,2,Título,1,,,,2026-04-16T15:53:47.420Z,,,,2026-04-16T15:53:47.420Z
CP40MOD210,1,Capítulo,1,,,,2026-04-16T15:53:47.420Z,,,,2026-04-16T15:53:47.420Z
CP40MOD210,2,Título,1,,,,2026-04-16T15:53:47.420Z,,,,2026-04-16T15:53:47.420Z
CP40MOD230,1,Capítulo,1,,,,2026-04-16T15:53:47.420Z,,,,2026-04-16T15:53:47.420Z
CP40MOD230,2,Título,1,,,,2026-04-16T15:53:47.420Z,,,,2026-04-16T15:53:47.420Z
CP40MOD250,1,Capítulo,1,,,,2026-04-16T15:53:47.420Z,,,,2026-04-16T15:53:47.420Z
CP40MOD250,2,Título,1,,,,2026-04-16T15:53:47.420Z,,,,2026-04-16T15:53:47.420Z
CP40MOD270,1,Capítulo,1,,,,2026-04-16T15:53:47.420Z,,,,2026-04-16T15:53:47.420Z
CP40MOD270,2,Título,1,,,,2026-04-16T15:53:47.420Z,,,,2026-04-16T15:53:47.420Z
CP40MOD280,1,Capítulo,1,,,,2026-04-16T15:53:47.420Z,,,,2026-04-16T15:53:47.420Z
CP40MOD280,2,Título,1,,,,2026-04-16T15:53:47.420Z,,,,2026-04-16T15:53:47.420Z
CP40MOD290,1,Capítulo,1,,,,2026-04-16T15:53:47.420Z,,,,2026-04-16T15:53:47.420Z
CP40MOD290,2,Título,1,,,,2026-04-16T15:53:47.420Z,,,,2026-04-16T15:53:47.420Z
CP40MOD320,1,Capítulo,1,,,,2026-04-16T15:53:47.420Z,,,,2026-04-16T15:53:47.420Z
CP40MOD320,2,Título,1,,,,2026-04-16T15:53:47.420Z,,,,2026-04-16T15:53:47.420Z
CP40MOD330,1,Capítulo,1,,,,2026-04-16T15:53:47.420Z,,,,2026-04-16T15:53:47.420Z
CP40MOD330,2,Título,1,,,,2026-04-16T15:53:47.420Z,,,,2026-04-16T15:53:47.420Z
CP40MOD340,1,Capítulo,1,,,,2026-04-16T15:53:47.420Z,,,,2026-04-16T15:53:47.420Z
CP40MOD340,2,Título,1,,,,2026-04-16T15:53:47.420Z,,,,2026-04-16T15:53:47.420Z
CP40MOD350,1,Capítulo,1,,,,2026-04-16T15:53:47.420Z,,,,2026-04-16T15:53:47.420Z
CP40MOD350,2,Título,1,,,,2026-04-16T15:53:47.420Z,,,,2026-04-16T15:53:47.420Z
CP40MOD360,1,Capítulo,1,,,,2026-04-16T15:53:47.420Z,,,,2026-04-16T15:53:47.420Z
CP40MOD360,2,Título,1,,,,2026-04-16T15:53:47.420Z,,,,2026-04-16T15:53:47.420Z
CP40MOD370,1,Capítulo,1,,,,2026-04-16T15:53:47.420Z,,,,2026-04-16T15:53:47.420Z
CP40MOD370,2,Título,1,,,,2026-04-16T15:53:47.420Z,,,,2026-04-16T15:53:47.420Z
CP40MOD380,1,Capítulo,1,,,,2026-04-16T15:53:47.420Z,,,,2026-04-16T15:53:47.420Z
CP40MOD380,2,Título,1,,,,2026-04-16T15:53:47.420Z,,,,2026-04-16T15:53:47.420Z
CP40MOD385,1,Capítulo,1,,,,2026-04-16T15:53:47.420Z,,,,2026-04-16T15:53:47.420Z
CP40MOD385,2,Título,1,,,,2026-04-16T15:53:47.420Z,,,,2026-04-16T15:53:47.420Z
CP40MOD390,1,Capítulo,1,,,,2026-04-16T15:53:47.420Z,,,,2026-04-16T15:53:47.420Z
CP40MOD390,2,Título,1,,,,2026-04-16T15:53:47.420Z,,,,2026-04-16T15:53:47.420Z
CP40MOD420,1,Capítulo,1,,,,2026-04-16T15:53:47.420Z,,,,2026-04-16T15:53:47.420Z
CP40MOD420,2,Título,1,,,,2026-04-16T15:53:47.420Z,,,,2026-04-16T15:53:47.420Z
CP40MOD430,1,Capítulo,1,,,,2026-04-16T15:53:47.420Z,,,,2026-04-16T15:53:47.420Z
CP40MOD430,2,Título,1,,,,2026-04-16T15:53:47.420Z,,,,2026-04-16T15:53:47.420Z
CP40MOD490,1,Capítulo,1,,,,2026-04-16T15:53:47.420Z,,,,2026-04-16T15:53:47.420Z
CP40MOD490,2,Título,1,,,,2026-04-16T15:53:47.420Z,,,,2026-04-16T15:53:47.420Z
CP40MOD530,1,Capítulo,1,,,,2026-04-16T15:53:47.420Z,,,,2026-04-16T15:53:47.420Z
CP40MOD530,2,Título,1,,,,2026-04-16T15:53:47.420Z,,,,2026-04-16T15:53:47.420Z
CP40MOD600,1,Capítulo,1,,,,2026-04-16T15:53:47.420Z,,,,2026-04-16T15:53:47.420Z
CP40MOD600,2,Título,1,,,,2026-04-16T15:53:47.420Z,,,,2026-04-16T15:53:47.420Z
CP40MOD610,1,Capítulo,1,,,,2026-04-16T15:53:47.420Z,,,,2026-04-16T15:53:47.420Z
CP40MOD610,2,Título,1,,,,2026-04-16T15:53:47.420Z,,,,2026-04-16T15:53:47.420Z
CP40MOD620,1,Capítulo,1,,,,2026-04-16T15:53:47.420Z,,,,2026-04-16T15:53:47.420Z
CP40MOD620,2,Título,1,,,,2026-04-16T15:53:47.420Z,,,,2026-04-16T15:53:47.420Z
CP40MOD650,1,Capítulo,1,,,,2026-04-16T15:53:47.420Z,,,,2026-04-16T15:53:47.420Z
CP40MOD650,2,Título,1,,,,2026-04-16T15:53:47.420Z,,,,2026-04-16T15:53:47.420Z
CP40MOD660,1,Capítulo,1,,,,2026-04-16T15:53:47.420Z,,,,2026-04-16T15:53:47.420Z
CP40MOD660,2,Título,1,,,,2026-04-16T15:53:47.420Z,,,,2026-04-16T15:53:47.420Z
CP40MOD670,1,Capítulo,1,,,,2026-04-16T15:53:47.420Z,,,,2026-04-16T15:53:47.420Z
CP40MOD670,2,Título,1,,,,2026-04-16T15:53:47.420Z,,,,2026-04-16T15:53:47.420Z
CP40MOD680,1,Capítulo,1,,,,2026-04-16T15:53:47.420Z,,,,2026-04-16T15:53:47.420Z
CP40MOD680,2,Título,1,,,,2026-04-16T15:53:47.420Z,,,,2026-04-16T15:53:47.420Z
CP40MOD690,1,Capítulo,1,,,,2026-04-16T15:53:47.420Z,,,,2026-04-16T15:53:47.420Z
CP40MOD690,2,Título,1,,,,2026-04-16T15:53:47.420Z,,,,2026-04-16T15:53:47.420Z
CP40MOD700,1,Capítulo,1,,,,2026-04-16T15:53:47.420Z,,,,2026-04-16T15:53:47.420Z
CP40MOD700,2,Título,1,,,,2026-04-16T15:53:47.420Z,,,,2026-04-16T15:53:47.420Z
CP40MOD710,1,Capítulo,1,,,,2026-04-16T15:53:47.420Z,,,,2026-04-16T15:53:47.420Z
CP40MOD710,2,Título,1,,,,2026-04-16T15:53:47.420Z,,,,2026-04-16T15:53:47.420Z
CP40MOD720,1,Capítulo,1,,,,2026-04-16T15:53:47.420Z,,,,2026-04-16T15:53:47.420Z
CP40MOD720,2,Título,1,,,,2026-04-16T15:53:47.420Z,,,,2026-04-16T15:53:47.420Z
CP40MOD730,1,Capítulo,1,,,,2026-04-16T15:53:47.420Z,,,,2026-04-16T15:53:47.420Z
CP40MOD730,2,Título,1,,,,2026-04-16T15:53:47.420Z,,,,2026-04-16T15:53:47.420Z
CP40MOD740,1,Capítulo,1,,,,2026-04-16T15:53:47.420Z,,,,2026-04-16T15:53:47.420Z
CP40MOD740,2,Título,1,,,,2026-04-16T15:53:47.420Z,,,,2026-04-16T15:53:47.420Z
CP40MOD745,1,Capítulo,1,,,,2026-04-16T15:53:47.420Z,,,,2026-04-16T15:53:47.420Z
CP40MOD745,2,Título,1,,,,2026-04-16T15:53:47.420Z,,,,2026-04-16T15:53:47.420Z
CP40MOD750,1,Capítulo,1,,,,2026-04-16T15:53:47.420Z,,,,2026-04-16T15:53:47.420Z
CP40MOD750,2,Título,1,,,,2026-04-16T15:53:47.420Z,,,,2026-04-16T15:53:47.420Z
CP40MOD800,1,Capítulo,1,,,,2026-04-16T15:53:47.420Z,,,,2026-04-16T15:53:47.420Z
CP40MOD800,2,Título,1,,,,2026-04-16T15:53:47.420Z,,,,2026-04-16T15:53:47.420Z
CP40MOD801,1,Capítulo,1,,,,2026-04-16T15:53:47.420Z,,,,2026-04-16T15:53:47.420Z
CP40MOD801,2,Título,1,,,,2026-04-16T15:53:47.420Z,,,,2026-04-16T15:53:47.420Z
CP40MOD900,1,Capítulo,1,,,,2026-04-16T15:53:47.420Z,,,,2026-04-16T15:53:47.420Z
CP40MOD900,2,Título,1,,,,2026-04-16T15:53:47.420Z,,,,2026-04-16T15:53:47.420Z
CP40SEM010,1,Capítulo,1,,,,2026-04-16T15:53:47.420Z,,,,2026-04-16T15:53:47.420Z
CP40SEM010,2,Título,1,,,,2026-04-16T15:53:47.420Z,,,,2026-04-16T15:53:47.420Z
CP40SEM020,1,Capítulo,1,,,,2026-04-16T15:53:47.420Z,,,,2026-04-16T15:53:47.420Z
CP40SEM020,2,Título,1,,,,2026-04-16T15:53:47.420Z,,,,2026-04-16T15:53:47.420Z
CP4CV0617,1,Capítulo,1,,,,2026-04-16T15:53:47.420Z,,,,2026-04-16T15:53:47.420Z
CP4CV0617,2,Título,1,,,,2026-04-16T15:53:47.420Z,,,,2026-04-16T15:53:47.420Z
CP4CV1017,1,Capítulo,1,,,,2026-04-16T15:53:47.420Z,,,,2026-04-16T15:53:47.420Z
CP4CV1017,2,Título,1,,,,2026-04-16T15:53:47.420Z,,,,2026-04-16T15:53:47.420Z
CPCAPNE,1,Capítulo,1,,,,2026-04-16T15:53:47.420Z,,,,2026-04-16T15:53:47.420Z
CPCAPNE,2,Título,1,,,,2026-04-16T15:53:47.420Z,,,,2026-04-16T15:53:47.420Z
CPCAPR8,1,Capítulo,1,,,,2026-04-16T15:53:47.420Z,,,,2026-04-16T15:53:47.420Z
CPCAPR8,2,Título,1,,,,2026-04-16T15:53:47.420Z,,,,2026-04-16T15:53:47.420Z
CPCONC521,1,Capítulo,1,,,,2026-04-16T15:53:47.420Z,,,,2026-04-16T15:53:47.420Z
CPCONC521,2,Título,1,,,,2026-04-16T15:53:47.420Z,,,,2026-04-16T15:53:47.420Z
CPDE621,1,Capítulo,1,,,,2026-04-16T15:53:47.420Z,,,,2026-04-16T15:53:47.420Z
CPDE621,2,Título,1,,,,2026-04-16T15:53:47.420Z,,,,2026-04-16T15:53:47.420Z
CPDIST2018,1,Capítulo,1,,,,2026-04-16T15:53:47.420Z,,,,2026-04-16T15:53:47.420Z
CPDIST2018,2,Título,1,,,,2026-04-16T15:53:47.420Z,,,,2026-04-16T15:53:47.420Z
CPDISTCHAR,1,Capítulo,1,,,,2026-04-16T15:53:47.420Z,,,,2026-04-16T15:53:47.420Z
CPDISTCHAR,2,Título,1,,,,2026-04-16T15:53:47.420Z,,,,2026-04-16T15:53:47.420Z
CPDR721,1,Capítulo,1,,,,2026-04-16T15:53:47.420Z,,,,2026-04-16T15:53:47.420Z
CPDR721,2,Título,1,,,,2026-04-16T15:53:47.420Z,,,,2026-04-16T15:53:47.420Z
CPDRJUR22,1,Capítulo,1,,,,2026-04-16T15:53:47.420Z,,,,2026-04-16T15:53:47.420Z
CPDRJUR22,2,Título,1,,,,2026-04-16T15:53:47.420Z,,,,2026-04-16T15:53:47.420Z
CPDRJUR23,1,Capítulo,1,,,,2026-04-16T15:53:47.420Z,,,,2026-04-16T15:53:47.420Z
CPDRJUR23,2,Título,1,,,,2026-04-16T15:53:47.420Z,,,,2026-04-16T15:53:47.420Z
CPDSNO2022,1,Capítulo,1,,,,2026-04-16T15:53:47.420Z,,,,2026-04-16T15:53:47.420Z
CPDSNO2022,2,Título,1,,,,2026-04-16T15:53:47.420Z,,,,2026-04-16T15:53:47.420Z
CPFEF1,1,Capítulo,1,,,,2026-04-16T15:53:47.420Z,,,,2026-04-16T15:53:47.420Z
CPFEF1,2,Título,1,,,,2026-04-16T15:53:47.420Z,,,,2026-04-16T15:53:47.420Z
CPFETFHKA,1,Capítulo,1,,,,2026-04-16T15:53:47.420Z,,,,2026-04-16T15:53:47.420Z
CPFETFHKA,2,Título,1,,,,2026-04-16T15:53:47.420Z,,,,2026-04-16T15:53:47.420Z
CPFORM2516,1,Capítulo,1,,,,2026-04-16T15:53:47.420Z,,,,2026-04-16T15:53:47.420Z
CPFORM2516,2,Título,1,,,,2026-04-16T15:53:47.420Z,,,,2026-04-16T15:53:47.420Z
CPNE1,1,Capítulo,1,,,,2026-04-16T15:53:47.420Z,,,,2026-04-16T15:53:47.420Z
CPNE1,2,Título,1,,,,2026-04-16T15:53:47.420Z,,,,2026-04-16T15:53:47.420Z
CPNE1021,1,Capítulo,1,,,,2026-04-16T15:53:47.420Z,,,,2026-04-16T15:53:47.420Z
CPNE1021,2,Título,1,,,,2026-04-16T15:53:47.420Z,,,,2026-04-16T15:53:47.420Z
CPNE421,1,Capítulo,1,,,,2026-04-16T15:53:47.420Z,,,,2026-04-16T15:53:47.420Z
CPNE421,2,Título,1,,,,2026-04-16T15:53:47.420Z,,,,2026-04-16T15:53:47.420Z
CPNE521,1,Capítulo,1,,,,2026-04-16T15:53:47.420Z,,,,2026-04-16T15:53:47.420Z
CPNE521,2,Título,1,,,,2026-04-16T15:53:47.420Z,,,,2026-04-16T15:53:47.420Z
CPNE821,1,Capítulo,1,,,,2026-04-16T15:53:47.420Z,,,,2026-04-16T15:53:47.420Z
CPNE821,2,Título,1,,,,2026-04-16T15:53:47.420Z,,,,2026-04-16T15:53:47.420Z
CURSO001,1,Capítulo,1,,,,2026-04-16T15:53:47.420Z,,,,2026-04-16T15:53:47.420Z
CURSO001,2,Título,1,,,,2026-04-16T15:53:47.420Z,,,,2026-04-16T15:53:47.420Z
CURSOSFE,1,Capítulo,1,,,,2026-04-16T15:53:47.420Z,,,,2026-04-16T15:53:47.420Z
CURSOSFE,2,Título,1,,,,2026-04-16T15:53:47.420Z,,,,2026-04-16T15:53:47.420Z
CVMCPC,1,Capítulo,1,,,,2026-04-16T15:53:47.420Z,,,,2026-04-16T15:53:47.420Z
CVMCPC,2,Título,1,,,,2026-04-16T15:53:47.420Z,,,,2026-04-16T15:53:47.420Z
CVMCPN,1,Capítulo,1,,,,2026-04-16T15:53:47.420Z,,,,2026-04-16T15:53:47.420Z
CVMCPN,2,Título,1,,,,2026-04-16T15:53:47.420Z,,,,2026-04-16T15:53:47.420Z
DEAE0925,1,Capítulo,1,,,,2026-04-16T15:53:47.420Z,,,,2026-04-16T15:53:47.420Z
DEAE0925,2,Título,1,,,,2026-04-16T15:53:47.420Z,,,,2026-04-16T15:53:47.420Z
DEVSDIAN,1,Capítulo,1,,,,2026-04-16T15:53:47.420Z,,,,2026-04-16T15:53:47.420Z
DEVSDIAN,2,Título,1,,,,2026-04-16T15:53:47.420Z,,,,2026-04-16T15:53:47.420Z
DISTCOM001,1,Capítulo,1,,,,2026-04-16T15:53:47.420Z,,,,2026-04-16T15:53:47.420Z
DISTCOM001,2,Título,1,,,,2026-04-16T15:53:47.420Z,,,,2026-04-16T15:53:47.420Z
DISTNE,1,Capítulo,1,,,,2026-04-16T15:53:47.420Z,,,,2026-04-16T15:53:47.420Z
DISTNE,2,Título,1,,,,2026-04-16T15:53:47.420Z,,,,2026-04-16T15:53:47.420Z
DOCE210126,1,Capítulo,1,,,,2026-04-16T15:53:47.420Z,,,,2026-04-16T15:53:47.420Z
DOCE210126,2,Título,1,,,,2026-04-16T15:53:47.420Z,,,,2026-04-16T15:53:47.420Z
DOCSOPNO22,1,Capítulo,1,,,,2026-04-16T15:53:47.420Z,,,,2026-04-16T15:53:47.420Z
DOCSOPNO22,2,Título,1,,,,2026-04-16T15:53:47.420Z,,,,2026-04-16T15:53:47.420Z
DRENPNAT22,1,Capítulo,1,,,,2026-04-16T15:53:47.420Z,,,,2026-04-16T15:53:47.420Z
DRENPNAT22,2,Título,1,,,,2026-04-16T15:53:47.420Z,,,,2026-04-16T15:53:47.420Z
DRPJ,1,Capítulo,1,,,,2026-04-16T15:53:47.420Z,,,,2026-04-16T15:53:47.420Z
DRPJ,2,Título,1,,,,2026-04-16T15:53:47.420Z,,,,2026-04-16T15:53:47.420Z
DRPN,1,Capítulo,1,,,,2026-04-16T15:53:47.420Z,,,,2026-04-16T15:53:47.420Z
DRPN,2,Título,1,,,,2026-04-16T15:53:47.420Z,,,,2026-04-16T15:53:47.420Z
DRPN-AG22,1,Capítulo,1,,,,2026-04-16T15:53:47.420Z,,,,2026-04-16T15:53:47.420Z
DRPN-AG22,2,Título,1,,,,2026-04-16T15:53:47.420Z,,,,2026-04-16T15:53:47.420Z
DRPN-AG23,1,Capítulo,1,,,,2026-04-16T15:53:47.420Z,,,,2026-04-16T15:53:47.420Z
DRPN-AG23,2,Título,1,,,,2026-04-16T15:53:47.420Z,,,,2026-04-16T15:53:47.420Z
DRPN-BENEF,1,Capítulo,1,,,,2026-04-16T15:53:47.420Z,,,,2026-04-16T15:53:47.420Z
DRPN-BENEF,2,Título,1,,,,2026-04-16T15:53:47.420Z,,,,2026-04-16T15:53:47.420Z
DRPN-CASOS,1,Capítulo,1,,,,2026-04-16T15:53:47.420Z,,,,2026-04-16T15:53:47.420Z
DRPN-CASOS,2,Título,1,,,,2026-04-16T15:53:47.420Z,,,,2026-04-16T15:53:47.420Z
DSNO2022,1,Capítulo,1,,,,2026-04-16T15:53:47.420Z,,,,2026-04-16T15:53:47.420Z
DSNO2022,2,Título,1,,,,2026-04-16T15:53:47.420Z,,,,2026-04-16T15:53:47.420Z
EDCES,1,Capítulo,1,,,,2026-04-16T15:53:47.420Z,,,,2026-04-16T15:53:47.420Z
EDCES,2,Título,1,,,,2026-04-16T15:53:47.420Z,,,,2026-04-16T15:53:47.420Z
EMPRE-2023,1,Capítulo,1,,,,2026-04-16T15:53:47.420Z,,,,2026-04-16T15:53:47.420Z
EMPRE-2023,2,Título,1,,,,2026-04-16T15:53:47.420Z,,,,2026-04-16T15:53:47.420Z
EXO-AG2023,1,Capítulo,1,,,,2026-04-16T15:53:47.420Z,,,,2026-04-16T15:53:47.420Z
EXO-AG2023,2,Título,1,,,,2026-04-16T15:53:47.420Z,,,,2026-04-16T15:53:47.420Z
EXÓ2022,1,Capítulo,1,,,,2026-04-16T15:53:47.420Z,,,,2026-04-16T15:53:47.420Z
EXÓ2022,2,Título,1,,,,2026-04-16T15:53:47.420Z,,,,2026-04-16T15:53:47.420Z
EXOAG22,1,Capítulo,1,,,,2026-04-16T15:53:47.420Z,,,,2026-04-16T15:53:47.420Z
EXOAG22,2,Título,1,,,,2026-04-16T15:53:47.420Z,,,,2026-04-16T15:53:47.420Z
EXOG2022,1,Capítulo,1,,,,2026-04-16T15:53:47.420Z,,,,2026-04-16T15:53:47.420Z
EXOG2022,2,Título,1,,,,2026-04-16T15:53:47.420Z,,,,2026-04-16T15:53:47.420Z
FACELE,1,Capítulo,1,,,,2026-04-16T15:53:47.420Z,,,,2026-04-16T15:53:47.420Z
FACELE,2,Título,1,,,,2026-04-16T15:53:47.420Z,,,,2026-04-16T15:53:47.420Z
FACTELEC,1,Capítulo,1,,,,2026-04-16T15:53:47.420Z,,,,2026-04-16T15:53:47.420Z
FACTELEC,2,Título,1,,,,2026-04-16T15:53:47.420Z,,,,2026-04-16T15:53:47.420Z
FE-POS-24,1,Capítulo,1,,,,2026-04-16T15:53:47.420Z,,,,2026-04-16T15:53:47.420Z
FE-POS-24,2,Título,1,,,,2026-04-16T15:53:47.420Z,,,,2026-04-16T15:53:47.420Z
FEPCE1025,1,Capítulo,1,,,,2026-04-16T15:53:47.420Z,,,,2026-04-16T15:53:47.420Z
FEPCE1025,2,Título,1,,,,2026-04-16T15:53:47.420Z,,,,2026-04-16T15:53:47.420Z
FORBASCOM,1,Capítulo,1,,,,2026-04-16T15:53:47.420Z,,,,2026-04-16T15:53:47.420Z
FORBASCOM,2,Título,1,,,,2026-04-16T15:53:47.420Z,,,,2026-04-16T15:53:47.420Z
GESTTELE01,1,Capítulo,1,,,,2026-04-16T15:53:47.420Z,,,,2026-04-16T15:53:47.420Z
GESTTELE01,2,Título,1,,,,2026-04-16T15:53:47.420Z,,,,2026-04-16T15:53:47.420Z
HAB-FE-23,1,Capítulo,1,,,,2026-04-16T15:53:47.420Z,,,,2026-04-16T15:53:47.420Z
HAB-FE-23,2,Título,1,,,,2026-04-16T15:53:47.420Z,,,,2026-04-16T15:53:47.420Z
INDFIN2022,1,Capítulo,1,,,,2026-04-16T15:53:47.420Z,,,,2026-04-16T15:53:47.420Z
INDFIN2022,2,Título,1,,,,2026-04-16T15:53:47.420Z,,,,2026-04-16T15:53:47.420Z
INFEXOCP22,1,Capítulo,1,,,,2026-04-16T15:53:47.420Z,,,,2026-04-16T15:53:47.420Z
INFEXOCP22,2,Título,1,,,,2026-04-16T15:53:47.420Z,,,,2026-04-16T15:53:47.420Z
ING01,1,Capítulo,1,,,,2026-04-16T15:53:47.420Z,,,,2026-04-16T15:53:47.420Z
ING01,2,Título,1,,,,2026-04-16T15:53:47.420Z,,,,2026-04-16T15:53:47.420Z
MEMSEM1,1,Capítulo,1,,,,2026-04-16T15:53:47.420Z,,,,2026-04-16T15:53:47.420Z
MEMSEM1,2,Título,1,,,,2026-04-16T15:53:47.420Z,,,,2026-04-16T15:53:47.420Z
MIESCA,1,Capítulo,1,,,,2026-04-16T15:53:47.420Z,,,,2026-04-16T15:53:47.420Z
MIESCA,2,Título,1,,,,2026-04-16T15:53:47.420Z,,,,2026-04-16T15:53:47.420Z
MIGRADORR8,1,Capítulo,1,,,,2026-04-16T15:53:47.420Z,,,,2026-04-16T15:53:47.420Z
MIGRADORR8,2,Título,1,,,,2026-04-16T15:53:47.420Z,,,,2026-04-16T15:53:47.420Z
NIIF-2023,1,Capítulo,1,,,,2026-04-16T15:53:47.420Z,,,,2026-04-16T15:53:47.420Z
NIIF-2023,2,Título,1,,,,2026-04-16T15:53:47.420Z,,,,2026-04-16T15:53:47.420Z
NRT191125,1,Capítulo,1,,,,2026-04-16T15:53:47.420Z,,,,2026-04-16T15:53:47.420Z
NRT191125,2,Título,1,,,,2026-04-16T15:53:47.420Z,,,,2026-04-16T15:53:47.420Z
NUEVOCPR8,1,Capítulo,1,,,,2026-04-16T15:53:47.420Z,,,,2026-04-16T15:53:47.420Z
NUEVOCPR8,2,Título,1,,,,2026-04-16T15:53:47.420Z,,,,2026-04-16T15:53:47.420Z
POS-FE-23,1,Capítulo,1,,,,2026-04-16T15:53:47.420Z,,,,2026-04-16T15:53:47.420Z
POS-FE-23,2,Título,1,,,,2026-04-16T15:53:47.420Z,,,,2026-04-16T15:53:47.420Z
PREPNE2022,1,Capítulo,1,,,,2026-04-16T15:53:47.420Z,,,,2026-04-16T15:53:47.420Z
PREPNE2022,2,Título,1,,,,2026-04-16T15:53:47.420Z,,,,2026-04-16T15:53:47.420Z
PRESCOM-NE,1,Capítulo,1,,,,2026-04-16T15:53:47.420Z,,,,2026-04-16T15:53:47.420Z
PRESCOM-NE,2,Título,1,,,,2026-04-16T15:53:47.420Z,,,,2026-04-16T15:53:47.420Z
PRESCOM22,1,Capítulo,1,,,,2026-04-16T15:53:47.420Z,,,,2026-04-16T15:53:47.420Z
PRESCOM22,2,Título,1,,,,2026-04-16T15:53:47.420Z,,,,2026-04-16T15:53:47.420Z
PRESCOMAW,1,Capítulo,1,,,,2026-04-16T15:53:47.420Z,,,,2026-04-16T15:53:47.420Z
PRESCOMAW,2,Título,1,,,,2026-04-16T15:53:47.420Z,,,,2026-04-16T15:53:47.420Z
PRESCOMCP,1,Capítulo,1,,,,2026-04-16T15:53:47.420Z,,,,2026-04-16T15:53:47.420Z
PRESCOMCP,2,Título,1,,,,2026-04-16T15:53:47.420Z,,,,2026-04-16T15:53:47.420Z
PRIMA0623,1,Capítulo,1,,,,2026-04-16T15:53:47.420Z,,,,2026-04-16T15:53:47.420Z
PRIMA0623,2,Título,1,,,,2026-04-16T15:53:47.420Z,,,,2026-04-16T15:53:47.420Z
PRIPASDEMO,1,Capítulo,1,,,,2026-04-16T15:53:47.420Z,,,,2026-04-16T15:53:47.420Z
PRIPASDEMO,2,Título,1,,,,2026-04-16T15:53:47.420Z,,,,2026-04-16T15:53:47.420Z
PRU-ESTRU,1,Capítulo,1,,,,2026-04-16T15:53:47.420Z,,,,2026-04-16T15:53:47.420Z
PRU-ESTRU,2,Título,1,,,,2026-04-16T15:53:47.420Z,,,,2026-04-16T15:53:47.420Z
PRUEBA,1,Capítulo,1,,,,2026-04-16T15:53:47.420Z,,,,2026-04-16T15:53:47.420Z
PRUEBA,2,Título,1,,,,2026-04-16T15:53:47.420Z,,,,2026-04-16T15:53:47.420Z
PRUEBASVID,1,Capítulo,1,,,,2026-04-16T15:53:47.420Z,,,,2026-04-16T15:53:47.420Z
PRUEBASVID,2,Título,1,,,,2026-04-16T15:53:47.420Z,,,,2026-04-16T15:53:47.420Z
PTOV-POS23,1,Capítulo,1,,,,2026-04-16T15:53:47.420Z,,,,2026-04-16T15:53:47.420Z
PTOV-POS23,2,Título,1,,,,2026-04-16T15:53:47.420Z,,,,2026-04-16T15:53:47.420Z
READM,1,Capítulo,1,,,,2026-04-16T15:53:47.420Z,,,,2026-04-16T15:53:47.420Z
READM,2,Título,1,,,,2026-04-16T15:53:47.420Z,,,,2026-04-16T15:53:47.420Z
REAL-DE822,1,Capítulo,1,,,,2026-04-16T15:53:47.420Z,,,,2026-04-16T15:53:47.420Z
REAL-DE822,2,Título,1,,,,2026-04-16T15:53:47.420Z,,,,2026-04-16T15:53:47.420Z
REC-DOC-22,1,Capítulo,1,,,,2026-04-16T15:53:47.420Z,,,,2026-04-16T15:53:47.420Z
REC-DOC-22,2,Título,1,,,,2026-04-16T15:53:47.420Z,,,,2026-04-16T15:53:47.420Z
RECART,1,Capítulo,1,,,,2026-04-16T15:53:47.420Z,,,,2026-04-16T15:53:47.420Z
RECART,2,Título,1,,,,2026-04-16T15:53:47.420Z,,,,2026-04-16T15:53:47.420Z
RECDOCCP22,1,Capítulo,1,,,,2026-04-16T15:53:47.420Z,,,,2026-04-16T15:53:47.420Z
RECDOCCP22,2,Título,1,,,,2026-04-16T15:53:47.420Z,,,,2026-04-16T15:53:47.420Z
RECEPDOC22,1,Capítulo,1,,,,2026-04-16T15:53:47.420Z,,,,2026-04-16T15:53:47.420Z
RECEPDOC22,2,Título,1,,,,2026-04-16T15:53:47.420Z,,,,2026-04-16T15:53:47.420Z
RECONT,1,Capítulo,1,,,,2026-04-16T15:53:47.420Z,,,,2026-04-16T15:53:47.420Z
RECONT,2,Título,1,,,,2026-04-16T15:53:47.420Z,,,,2026-04-16T15:53:47.420Z
REDEL,1,Capítulo,1,,,,2026-04-16T15:53:47.420Z,,,,2026-04-16T15:53:47.420Z
REDEL,2,Título,1,,,,2026-04-16T15:53:47.420Z,,,,2026-04-16T15:53:47.420Z
REDES,1,Capítulo,1,,,,2026-04-16T15:53:47.420Z,,,,2026-04-16T15:53:47.420Z
REDES,2,Título,1,,,,2026-04-16T15:53:47.420Z,,,,2026-04-16T15:53:47.420Z
REFOTRIB22,1,Capítulo,1,,,,2026-04-16T15:53:47.420Z,,,,2026-04-16T15:53:47.420Z
REFOTRIB22,2,Título,1,,,,2026-04-16T15:53:47.420Z,,,,2026-04-16T15:53:47.420Z
REFOTRIB24,1,Capítulo,1,,,,2026-04-16T15:53:47.420Z,,,,2026-04-16T15:53:47.420Z
REFOTRIB24,2,Título,1,,,,2026-04-16T15:53:47.420Z,,,,2026-04-16T15:53:47.420Z
REINV,1,Capítulo,1,,,,2026-04-16T15:53:47.420Z,,,,2026-04-16T15:53:47.420Z
REINV,2,Título,1,,,,2026-04-16T15:53:47.420Z,,,,2026-04-16T15:53:47.420Z
RENTA-AG22,1,Capítulo,1,,,,2026-04-16T15:53:47.420Z,,,,2026-04-16T15:53:47.420Z
RENTA-AG22,2,Título,1,,,,2026-04-16T15:53:47.420Z,,,,2026-04-16T15:53:47.420Z
RES-165,1,Capítulo,1,,,,2026-04-16T15:53:47.420Z,,,,2026-04-16T15:53:47.420Z
RES-165,2,Título,1,,,,2026-04-16T15:53:47.420Z,,,,2026-04-16T15:53:47.420Z
RETEC,1,Capítulo,1,,,,2026-04-16T15:53:47.420Z,,,,2026-04-16T15:53:47.420Z
RETEC,2,Título,1,,,,2026-04-16T15:53:47.420Z,,,,2026-04-16T15:53:47.420Z
RL2025,1,Capítulo,1,,,,2026-04-16T15:53:47.420Z,,,,2026-04-16T15:53:47.420Z
RL2025,2,Título,1,,,,2026-04-16T15:53:47.420Z,,,,2026-04-16T15:53:47.420Z
RLSM120226,1,Capítulo,1,,,,2026-04-16T15:53:47.420Z,,,,2026-04-16T15:53:47.420Z
RLSM120226,2,Título,1,,,,2026-04-16T15:53:47.420Z,,,,2026-04-16T15:53:47.420Z
RLYPCAE,1,Capítulo,1,,,,2026-04-16T15:53:47.420Z,,,,2026-04-16T15:53:47.420Z
RLYPCAE,2,Título,1,,,,2026-04-16T15:53:47.420Z,,,,2026-04-16T15:53:47.420Z
SE281025,1,Capítulo,1,,,,2026-04-16T15:53:47.420Z,,,,2026-04-16T15:53:47.420Z
SE281025,2,Título,1,,,,2026-04-16T15:53:47.420Z,,,,2026-04-16T15:53:47.420Z
SEER1025,1,Capítulo,1,,,,2026-04-16T15:53:47.420Z,,,,2026-04-16T15:53:47.420Z
SEER1025,2,Título,1,,,,2026-04-16T15:53:47.420Z,,,,2026-04-16T15:53:47.420Z
SINIVA2021,1,Capítulo,1,,,,2026-04-16T15:53:47.420Z,,,,2026-04-16T15:53:47.420Z
SINIVA2021,2,Título,1,,,,2026-04-16T15:53:47.420Z,,,,2026-04-16T15:53:47.420Z
SUMMIT,1,Capítulo,1,,,,2026-04-16T15:53:47.420Z,,,,2026-04-16T15:53:47.420Z
SUMMIT,2,Título,1,,,,2026-04-16T15:53:47.420Z,,,,2026-04-16T15:53:47.420Z
SUMMIT2020,1,Capítulo,1,,,,2026-04-16T15:53:47.420Z,,,,2026-04-16T15:53:47.420Z
SUMMIT2020,2,Título,1,,,,2026-04-16T15:53:47.420Z,,,,2026-04-16T15:53:47.420Z
SUMMIT2022,1,Capítulo,1,,,,2026-04-16T15:53:47.420Z,,,,2026-04-16T15:53:47.420Z
SUMMIT2022,2,Título,1,,,,2026-04-16T15:53:47.420Z,,,,2026-04-16T15:53:47.420Z
SUMMIT2024,1,Capítulo,1,,,,2026-04-16T15:53:47.420Z,,,,2026-04-16T15:53:47.420Z
SUMMIT2024,2,Título,1,,,,2026-04-16T15:53:47.420Z,,,,2026-04-16T15:53:47.420Z
SUMMIT2025,1,Capítulo,1,,,,2026-04-16T15:53:47.420Z,,,,2026-04-16T15:53:47.420Z
SUMMIT2025,2,Título,1,,,,2026-04-16T15:53:47.420Z,,,,2026-04-16T15:53:47.420Z
TELETRAB,1,Capítulo,1,,,,2026-04-16T15:53:47.420Z,,,,2026-04-16T15:53:47.420Z
TELETRAB,2,Título,1,,,,2026-04-16T15:53:47.420Z,,,,2026-04-16T15:53:47.420Z
TESTAPRIET,1,Capítulo,1,,,,2026-04-16T15:53:47.420Z,,,,2026-04-16T15:53:47.420Z
TESTAPRIET,2,Título,1,,,,2026-04-16T15:53:47.420Z,,,,2026-04-16T15:53:47.420Z
TMT2024,1,Capítulo,1,,,,2026-04-16T15:53:47.420Z,,,,2026-04-16T15:53:47.420Z
TMT2024,2,Título,1,,,,2026-04-16T15:53:47.420Z,,,,2026-04-16T15:53:47.420Z
TRIBUT2022,1,Capítulo,1,,,,2026-04-16T15:53:47.420Z,,,,2026-04-16T15:53:47.420Z
TRIBUT2022,2,Título,1,,,,2026-04-16T15:53:47.420Z,,,,2026-04-16T15:53:47.420Z
VPACOMERCI,1,Capítulo,1,,,,2026-04-16T15:53:47.420Z,,,,2026-04-16T15:53:47.420Z
VPACOMERCI,2,Título,1,,,,2026-04-16T15:53:47.420Z,,,,2026-04-16T15:53:47.420Z
VPAUXCONTA,1,Capítulo,1,,,,2026-04-16T15:53:47.420Z,,,,2026-04-16T15:53:47.420Z
VPAUXCONTA,2,Título,1,,,,2026-04-16T15:53:47.420Z,,,,2026-04-16T15:53:47.420Z
VPCONTADOR,1,Capítulo,1,,,,2026-04-16T15:53:47.420Z,,,,2026-04-16T15:53:47.420Z
VPCONTADOR,2,Título,1,,,,2026-04-16T15:53:47.420Z,,,,2026-04-16T15:53:47.420Z
VPFACTURA,1,Capítulo,1,,,,2026-04-16T15:53:47.420Z,,,,2026-04-16T15:53:47.420Z
VPFACTURA,2,Título,1,,,,2026-04-16T15:53:47.420Z,,,,2026-04-16T15:53:47.420Z
VPGCOMERCI,1,Capítulo,1,,,,2026-04-16T15:53:47.420Z,,,,2026-04-16T15:53:47.420Z
VPGCOMERCI,2,Título,1,,,,2026-04-16T15:53:47.420Z,,,,2026-04-16T15:53:47.420Z
VPJBODEGA,1,Capítulo,1,,,,2026-04-16T15:53:47.420Z,,,,2026-04-16T15:53:47.420Z
VPJBODEGA,2,Título,1,,,,2026-04-16T15:53:47.420Z,,,,2026-04-16T15:53:47.420Z
VPREVISORF,1,Capítulo,1,,,,2026-04-16T15:53:47.420Z,,,,2026-04-16T15:53:47.420Z
VPREVISORF,2,Título,1,,,,2026-04-16T15:53:47.420Z,,,,2026-04-16T15:53:47.420Z
ZZZZZZZZZZ,1,Capítulo,1,,,,2026-04-16T15:53:47.420Z,,,,2026-04-16T15:53:47.420Z
ZZZZZZZZZZ,2,Título,1,,,,2026-04-16T15:53:47.420Z,,,,2026-04-16T15:53:47.420Z