ICURSO,IPERMISO,BACTIVO,IUSUARIOCRE,IAPPCRE,IPCRE,FHCRE,IUSUARIOULT,IAPPULT,IPULT,FHULT
ACT-CP2022,GN,1,,,,2026-04-08T14:23:01.446Z,,,,2026-04-08T14:23:01.446Z
ACT-CP2022,RL,1,,,,2026-04-08T14:23:01.446Z,,,,2026-04-08T14:23:01.446Z
ACT-TRIB23,GN,1,,,,2026-04-29T17:27:42.760Z,,,,2026-04-29T17:27:42.760Z
ACT-TRIB24,GN,1,,,,2026-04-28T14:26:46.353Z,,,,2026-04-28T14:26:46.353Z
ACTCAP821,GN,1,,,,2026-04-08T14:23:01.446Z,,,,2026-04-08T14:23:01.446Z
AFADETE,RL,1,,,,2026-04-08T14:23:01.446Z,,,,2026-04-08T14:23:01.446Z
ANPP261125,RL,1,,,,2026-04-08T14:23:01.446Z,,,,2026-04-08T14:23:01.446Z
AW40JCV917,GN,1,,,,2026-04-08T14:23:01.446Z,,,,2026-04-08T14:23:01.446Z
AW40MOD100,GN,1,,,,2026-04-23T22:59:50.940Z,,,,2026-04-23T22:59:50.940Z
AW40MOD100,RL,1,,,,2026-04-23T22:59:50.940Z,,,,2026-04-23T22:59:50.940Z
AW40MOD120,CO,1,,,,2026-05-01T10:10:43.860Z,,,,2026-05-01T10:10:43.860Z
AW40MOD130,AE,1,,,,2026-04-08T14:23:01.446Z,,,,2026-04-08T14:23:01.446Z
AW40MOD130,GN,1,,,,2026-04-08T14:23:01.446Z,,,,2026-04-08T14:23:01.446Z
AW40MOD130,RL,1,,,,2026-04-08T14:23:01.446Z,,,,2026-04-08T14:23:01.446Z
AW40MOD190,GN,1,,,,2026-04-08T14:23:01.446Z,,,,2026-04-08T14:23:01.446Z
AW40MOD190,RL,1,,,,2026-04-08T14:23:01.446Z,,,,2026-04-08T14:23:01.446Z
AW40MOD200,GN,1,,,,2026-04-08T14:23:01.446Z,,,,2026-04-08T14:23:01.446Z
AW40MOD200,RL,1,,,,2026-04-08T14:23:01.446Z,,,,2026-04-08T14:23:01.446Z
AW40MOD250,GN,1,,,,2026-04-08T14:23:01.446Z,,,,2026-04-08T14:23:01.446Z
AW40MOD250,RL,1,,,,2026-04-08T14:23:01.446Z,,,,2026-04-08T14:23:01.446Z
AW40MOD260,GN,1,,,,2026-04-08T14:23:01.446Z,,,,2026-04-08T14:23:01.446Z
AW40MOD260,RL,1,,,,2026-04-08T14:23:01.446Z,,,,2026-04-08T14:23:01.446Z
AW4JC09-16,GN,1,,,,2026-04-08T14:23:01.446Z,,,,2026-04-08T14:23:01.446Z
BAS_XSPLIT,GN,1,,,,2026-04-08T14:23:01.446Z,,,,2026-04-08T14:23:01.446Z
CAPCPR8,RL,1,,,,2026-04-08T14:23:01.446Z,,,,2026-04-08T14:23:01.446Z
CAPCPR8DIS,DIS,1,,,,2026-04-08T14:23:01.446Z,,,,2026-04-08T14:23:01.446Z
CAPINTERNA,RL,1,,,,2026-04-08T14:23:01.446Z,,,,2026-04-08T14:23:01.446Z
CCCONSCONT,GN,1,,,,2026-04-08T14:23:01.446Z,,,,2026-04-08T14:23:01.446Z
CCDECREN17,GN,1,,,,2026-04-08T14:23:01.446Z,,,,2026-04-08T14:23:01.446Z
CCMEDMAG16,GN,1,,,,2026-04-08T14:23:01.446Z,,,,2026-04-08T14:23:01.446Z
CCNIIFSF,GN,1,,,,2026-04-08T14:23:01.446Z,,,,2026-04-08T14:23:01.446Z
CCNIIFSF18,GN,1,,,,2026-04-08T14:23:01.446Z,,,,2026-04-08T14:23:01.446Z
CCNIIFSF19,GN,1,,,,2026-04-08T14:23:01.446Z,,,,2026-04-08T14:23:01.446Z
CCNIIFSF20,GN,1,,,,2026-04-08T14:23:01.446Z,,,,2026-04-08T14:23:01.446Z
CCNIIFSP19,GN,1,,,,2026-04-08T14:23:01.446Z,,,,2026-04-08T14:23:01.446Z
CCREFTRIMF,GN,1,,,,2026-04-08T14:23:01.446Z,,,,2026-04-08T14:23:01.446Z
CCYF021225,RL,1,,,,2026-04-08T14:23:01.446Z,,,,2026-04-08T14:23:01.446Z
CEI180226,RL,1,,,,2026-04-08T14:23:01.446Z,,,,2026-04-08T14:23:01.446Z
CGINVE2022,GN,1,,,,2026-04-08T14:23:01.446Z,,,,2026-04-08T14:23:01.446Z
CIERREC-24,GN,1,,,,2026-04-08T14:23:01.446Z,,,,2026-04-08T14:23:01.446Z
CIERREF-23,GN,1,,,,2026-04-08T14:23:01.446Z,,,,2026-04-08T14:23:01.446Z
CONFIMP921,GN,1,,,,2026-04-08T14:23:01.446Z,,,,2026-04-08T14:23:01.446Z
CP_EXO321,GN,1,,,,2026-04-08T14:23:01.446Z,,,,2026-04-08T14:23:01.446Z
CP_NE221,GN,1,,,,2026-04-08T14:23:01.446Z,,,,2026-04-08T14:23:01.446Z
CP40MOD005,ADM,1,,,,2026-04-08T14:23:01.446Z,,,,2026-04-08T14:23:01.446Z
CP40MOD005,DIS,1,,,,2026-04-08T14:23:01.446Z,,,,2026-04-08T14:23:01.446Z
CP40MOD005,GN,1,,,,2026-04-08T14:23:01.446Z,,,,2026-04-08T14:23:01.446Z
CP40MOD010,ADM,1,,,,2026-04-08T14:23:01.446Z,,,,2026-04-08T14:23:01.446Z
CP40MOD010,DIS,1,,,,2026-04-08T14:23:01.446Z,,,,2026-04-08T14:23:01.446Z
CP40MOD010,GN,1,,,,2026-04-08T14:23:01.446Z,,,,2026-04-08T14:23:01.446Z
CP40MOD020,ADM,1,,,,2026-04-08T14:23:01.446Z,,,,2026-04-08T14:23:01.446Z
CP40MOD020,DIS,1,,,,2026-04-08T14:23:01.446Z,,,,2026-04-08T14:23:01.446Z
CP40MOD020,GN,1,,,,2026-04-08T14:23:01.446Z,,,,2026-04-08T14:23:01.446Z
CP40MOD025,ADM,1,,,,2026-04-08T14:23:01.446Z,,,,2026-04-08T14:23:01.446Z
CP40MOD025,CN,1,,,,2026-04-08T14:23:01.446Z,,,,2026-04-08T14:23:01.446Z
CP40MOD025,DIS,1,,,,2026-04-08T14:23:01.446Z,,,,2026-04-08T14:23:01.446Z
CP40MOD030,ADM,1,,,,2026-04-08T14:23:01.446Z,,,,2026-04-08T14:23:01.446Z
CP40MOD030,CN,1,,,,2026-04-08T14:23:01.446Z,,,,2026-04-08T14:23:01.446Z
CP40MOD030,DIS,1,,,,2026-04-08T14:23:01.446Z,,,,2026-04-08T14:23:01.446Z
CP40MOD040,ADM,1,,,,2026-04-08T14:23:01.446Z,,,,2026-04-08T14:23:01.446Z
CP40MOD040,CN,1,,,,2026-04-08T14:23:01.446Z,,,,2026-04-08T14:23:01.446Z
CP40MOD040,DIS,1,,,,2026-04-08T14:23:01.446Z,,,,2026-04-08T14:23:01.446Z
CP40MOD050,ADM,1,,,,2026-04-08T14:23:01.446Z,,,,2026-04-08T14:23:01.446Z
CP40MOD050,CN,1,,,,2026-04-08T14:23:01.446Z,,,,2026-04-08T14:23:01.446Z
CP40MOD050,DIS,1,,,,2026-04-08T14:23:01.446Z,,,,2026-04-08T14:23:01.446Z
CP40MOD060,ADM,1,,,,2026-04-08T14:23:01.446Z,,,,2026-04-08T14:23:01.446Z
CP40MOD060,CB,1,,,,2026-04-08T14:23:01.446Z,,,,2026-04-08T14:23:01.446Z
CP40MOD060,CN,1,,,,2026-04-08T14:23:01.446Z,,,,2026-04-08T14:23:01.446Z
CP40MOD060,DIS,1,,,,2026-04-08T14:23:01.446Z,,,,2026-04-08T14:23:01.446Z
CP40MOD070,ADM,1,,,,2026-04-08T14:23:01.446Z,,,,2026-04-08T14:23:01.446Z
CP40MOD070,CN,1,,,,2026-04-08T14:23:01.446Z,,,,2026-04-08T14:23:01.446Z
CP40MOD070,DIS,1,,,,2026-04-08T14:23:01.446Z,,,,2026-04-08T14:23:01.446Z
CP40MOD075,ADM,1,,,,2026-04-08T14:23:01.446Z,,,,2026-04-08T14:23:01.446Z
CP40MOD075,CN,1,,,,2026-04-08T14:23:01.446Z,,,,2026-04-08T14:23:01.446Z
CP40MOD075,DIS,1,,,,2026-04-08T14:23:01.446Z,,,,2026-04-08T14:23:01.446Z
CP40MOD080,ADM,1,,,,2026-04-08T14:23:01.446Z,,,,2026-04-08T14:23:01.446Z
CP40MOD080,CX,1,,,,2026-04-08T14:23:01.446Z,,,,2026-04-08T14:23:01.446Z
CP40MOD080,DIS,1,,,,2026-04-08T14:23:01.446Z,,,,2026-04-08T14:23:01.446Z
CP40MOD085,RL,1,,,,2026-04-08T14:23:01.446Z,,,,2026-04-08T14:23:01.446Z
CP40MOD090,AD,1,,,,2026-04-08T14:23:01.446Z,,,,2026-04-08T14:23:01.446Z
CP40MOD090,ADM,1,,,,2026-04-08T14:23:01.446Z,,,,2026-04-08T14:23:01.446Z
CP40MOD090,DIS,1,,,,2026-04-08T14:23:01.446Z,,,,2026-04-08T14:23:01.446Z
CP40MOD091,RL,1,,,,2026-04-08T14:23:01.446Z,,,,2026-04-08T14:23:01.446Z
CP40MOD092,RL,1,,,,2026-04-08T14:23:01.446Z,,,,2026-04-08T14:23:01.446Z
CP40MOD093,AD,1,,,,2026-04-08T14:23:01.446Z,,,,2026-04-08T14:23:01.446Z
CP40MOD093,ADM,1,,,,2026-04-08T14:23:01.446Z,,,,2026-04-08T14:23:01.446Z
CP40MOD093,DIS,1,,,,2026-04-08T14:23:01.446Z,,,,2026-04-08T14:23:01.446Z
CP40MOD094,GN,1,,,,2026-04-08T14:23:01.446Z,,,,2026-04-08T14:23:01.446Z
CP40MOD094,RL,1,,,,2026-04-08T14:23:01.446Z,,,,2026-04-08T14:23:01.446Z
CP40MOD095,ADM,1,,,,2026-04-08T14:23:01.446Z,,,,2026-04-08T14:23:01.446Z
CP40MOD095,DIS,1,,,,2026-04-08T14:23:01.446Z,,,,2026-04-08T14:23:01.446Z
CP40MOD095,GN,1,,,,2026-04-08T14:23:01.446Z,,,,2026-04-08T14:23:01.446Z
CP40MOD096,IN,1,,,,2026-04-08T14:23:01.446Z,,,,2026-04-08T14:23:01.446Z
CP40MOD096,RL,1,,,,2026-04-08T14:23:01.446Z,,,,2026-04-08T14:23:01.446Z
CP40MOD100,ADM,1,,,,2026-04-08T14:23:01.446Z,,,,2026-04-08T14:23:01.446Z
CP40MOD100,DIS,1,,,,2026-04-08T14:23:01.446Z,,,,2026-04-08T14:23:01.446Z
CP40MOD100,EP,1,,,,2026-04-08T14:23:01.446Z,,,,2026-04-08T14:23:01.446Z
CP40MOD110,ADM,1,,,,2026-04-08T14:23:01.446Z,,,,2026-04-08T14:23:01.446Z
CP40MOD110,AF,1,,,,2026-04-08T14:23:01.446Z,,,,2026-04-08T14:23:01.446Z
CP40MOD110,DIS,1,,,,2026-04-08T14:23:01.446Z,,,,2026-04-08T14:23:01.446Z
CP40MOD120,ADM,1,,,,2026-04-08T14:23:01.446Z,,,,2026-04-08T14:23:01.446Z
CP40MOD120,CB,1,,,,2026-04-08T14:23:01.446Z,,,,2026-04-08T14:23:01.446Z
CP40MOD120,CN,1,,,,2026-04-08T14:23:01.446Z,,,,2026-04-08T14:23:01.446Z
CP40MOD120,DIS,1,,,,2026-04-08T14:23:01.446Z,,,,2026-04-08T14:23:01.446Z
CP40MOD130,ADM,1,,,,2026-04-08T14:23:01.446Z,,,,2026-04-08T14:23:01.446Z
CP40MOD130,CM,1,,,,2026-04-08T14:23:01.446Z,,,,2026-04-08T14:23:01.446Z
CP40MOD130,DIS,1,,,,2026-04-08T14:23:01.446Z,,,,2026-04-08T14:23:01.446Z
CP40MOD130,IN,1,,,,2026-04-08T14:23:01.446Z,,,,2026-04-08T14:23:01.446Z
CP40MOD130,VT,1,,,,2026-04-08T14:23:01.446Z,,,,2026-04-08T14:23:01.446Z
CP40MOD135,ADM,1,,,,2026-04-08T14:23:01.446Z,,,,2026-04-08T14:23:01.446Z
CP40MOD135,CM,1,,,,2026-04-08T14:23:01.446Z,,,,2026-04-08T14:23:01.446Z
CP40MOD135,IN,1,,,,2026-04-08T14:23:01.446Z,,,,2026-04-08T14:23:01.446Z
CP40MOD135,VT,1,,,,2026-04-08T14:23:01.446Z,,,,2026-04-08T14:23:01.446Z
CP40MOD140,ADM,1,,,,2026-04-08T14:23:01.446Z,,,,2026-04-08T14:23:01.446Z
CP40MOD140,CM,1,,,,2026-04-08T14:23:01.446Z,,,,2026-04-08T14:23:01.446Z
CP40MOD140,DIS,1,,,,2026-04-08T14:23:01.446Z,,,,2026-04-08T14:23:01.446Z
CP40MOD140,IN,1,,,,2026-04-08T14:23:01.446Z,,,,2026-04-08T14:23:01.446Z
CP40MOD140,VT,1,,,,2026-04-08T14:23:01.446Z,,,,2026-04-08T14:23:01.446Z
CP40MOD150,ADM,1,,,,2026-04-08T14:23:01.446Z,,,,2026-04-08T14:23:01.446Z
CP40MOD150,DIS,1,,,,2026-04-08T14:23:01.446Z,,,,2026-04-08T14:23:01.446Z
CP40MOD150,IN,1,,,,2026-04-08T14:23:01.446Z,,,,2026-04-08T14:23:01.446Z
CP40MOD150,PV,1,,,,2026-04-08T14:23:01.446Z,,,,2026-04-08T14:23:01.446Z
CP40MOD150,VT,1,,,,2026-04-08T14:23:01.446Z,,,,2026-04-08T14:23:01.446Z
CP40MOD160,ADM,1,,,,2026-04-08T14:23:01.446Z,,,,2026-04-08T14:23:01.446Z
CP40MOD160,CV,1,,,,2026-04-08T14:23:01.446Z,,,,2026-04-08T14:23:01.446Z
CP40MOD160,DIS,1,,,,2026-04-08T14:23:01.446Z,,,,2026-04-08T14:23:01.446Z
CP40MOD160,IN,1,,,,2026-04-08T14:23:01.446Z,,,,2026-04-08T14:23:01.446Z
CP40MOD160,VT,1,,,,2026-04-08T14:23:01.446Z,,,,2026-04-08T14:23:01.446Z
CP40MOD170,ADM,1,,,,2026-04-08T14:23:01.446Z,,,,2026-04-08T14:23:01.446Z
CP40MOD170,CM,1,,,,2026-04-08T14:23:01.446Z,,,,2026-04-08T14:23:01.446Z
CP40MOD170,DIS,1,,,,2026-04-08T14:23:01.446Z,,,,2026-04-08T14:23:01.446Z
CP40MOD170,IP,1,,,,2026-04-08T14:23:01.446Z,,,,2026-04-08T14:23:01.446Z
CP40MOD170,VT,1,,,,2026-04-08T14:23:01.446Z,,,,2026-04-08T14:23:01.446Z
CP40MOD180,ADM,1,,,,2026-04-08T14:23:01.446Z,,,,2026-04-08T14:23:01.446Z
CP40MOD180,CO,1,,,,2026-04-08T14:23:01.446Z,,,,2026-04-08T14:23:01.446Z
CP40MOD185,ADM,1,,,,2026-04-08T14:23:01.446Z,,,,2026-04-08T14:23:01.446Z
CP40MOD185,CO,1,,,,2026-04-08T14:23:01.446Z,,,,2026-04-08T14:23:01.446Z
CP40MOD190,ADM,1,,,,2026-04-08T14:23:01.446Z,,,,2026-04-08T14:23:01.446Z
CP40MOD190,CO,1,,,,2026-04-08T14:23:01.446Z,,,,2026-04-08T14:23:01.446Z
CP40MOD210,ADM,1,,,,2026-04-08T14:23:01.446Z,,,,2026-04-08T14:23:01.446Z
CP40MOD210,CO,1,,,,2026-04-08T14:23:01.446Z,,,,2026-04-08T14:23:01.446Z
CP40MOD230,ADM,1,,,,2026-04-08T14:23:01.446Z,,,,2026-04-08T14:23:01.446Z
CP40MOD230,AE,1,,,,2026-04-08T14:23:01.446Z,,,,2026-04-08T14:23:01.446Z
CP40MOD250,ADM,1,,,,2026-04-08T14:23:01.446Z,,,,2026-04-08T14:23:01.446Z
CP40MOD250,CO,1,,,,2026-04-08T14:23:01.446Z,,,,2026-04-08T14:23:01.446Z
CP40MOD270,ADM,1,,,,2026-04-08T14:23:01.446Z,,,,2026-04-08T14:23:01.446Z
CP40MOD270,CO,1,,,,2026-04-08T14:23:01.446Z,,,,2026-04-08T14:23:01.446Z
CP40MOD280,ADM,1,,,,2026-04-08T14:23:01.446Z,,,,2026-04-08T14:23:01.446Z
CP40MOD280,PR,1,,,,2026-04-08T14:23:01.446Z,,,,2026-04-08T14:23:01.446Z
CP40MOD290,ADM,1,,,,2026-04-08T14:23:01.446Z,,,,2026-04-08T14:23:01.446Z
CP40MOD290,PR,1,,,,2026-04-08T14:23:01.446Z,,,,2026-04-08T14:23:01.446Z
CP40MOD320,ADM,1,,,,2026-04-08T14:23:01.446Z,,,,2026-04-08T14:23:01.446Z
CP40MOD320,CO,1,,,,2026-04-08T14:23:01.446Z,,,,2026-04-08T14:23:01.446Z
CP40MOD330,RL,1,,,,2026-04-08T14:23:01.446Z,,,,2026-04-08T14:23:01.446Z
CP40MOD340,RL,1,,,,2026-04-08T14:23:01.446Z,,,,2026-04-08T14:23:01.446Z
CP40MOD350,ADM,1,,,,2026-04-08T14:23:01.446Z,,,,2026-04-08T14:23:01.446Z
CP40MOD350,DIS,1,,,,2026-04-08T14:23:01.446Z,,,,2026-04-08T14:23:01.446Z
CP40MOD350,GN,1,,,,2026-04-08T14:23:01.446Z,,,,2026-04-08T14:23:01.446Z
CP40MOD360,ADM,1,,,,2026-04-08T14:23:01.446Z,,,,2026-04-08T14:23:01.446Z
CP40MOD360,DIS,1,,,,2026-04-08T14:23:01.446Z,,,,2026-04-08T14:23:01.446Z
CP40MOD360,GN,1,,,,2026-04-08T14:23:01.446Z,,,,2026-04-08T14:23:01.446Z
CP40MOD370,ADM,1,,,,2026-04-08T14:23:01.446Z,,,,2026-04-08T14:23:01.446Z
CP40MOD370,DIS,1,,,,2026-04-08T14:23:01.446Z,,,,2026-04-08T14:23:01.446Z
CP40MOD370,SD,1,,,,2026-04-08T14:23:01.446Z,,,,2026-04-08T14:23:01.446Z
CP40MOD380,ADM,1,,,,2026-04-08T14:23:01.446Z,,,,2026-04-08T14:23:01.446Z
CP40MOD380,CE,1,,,,2026-04-08T14:23:01.446Z,,,,2026-04-08T14:23:01.446Z
CP40MOD380,DIS,1,,,,2026-04-08T14:23:01.446Z,,,,2026-04-08T14:23:01.446Z
CP40MOD385,ADM,1,,,,2026-04-08T14:23:01.446Z,,,,2026-04-08T14:23:01.446Z
CP40MOD385,CE,1,,,,2026-04-08T14:23:01.446Z,,,,2026-04-08T14:23:01.446Z
CP40MOD385,DIS,1,,,,2026-04-08T14:23:01.446Z,,,,2026-04-08T14:23:01.446Z
CP40MOD390,ADM,1,,,,2026-04-08T14:23:01.446Z,,,,2026-04-08T14:23:01.446Z
CP40MOD390,IG,1,,,,2026-04-08T14:23:01.446Z,,,,2026-04-08T14:23:01.446Z
CP40MOD420,ADM,1,,,,2026-04-08T14:23:01.446Z,,,,2026-04-08T14:23:01.446Z
CP40MOD420,IG,1,,,,2026-04-08T14:23:01.446Z,,,,2026-04-08T14:23:01.446Z
CP40MOD430,ADM,1,,,,2026-04-08T14:23:01.446Z,,,,2026-04-08T14:23:01.446Z
CP40MOD430,DIS,1,,,,2026-04-08T14:23:01.446Z,,,,2026-04-08T14:23:01.446Z
CP40MOD430,GN,1,,,,2026-04-08T14:23:01.446Z,,,,2026-04-08T14:23:01.446Z
CP40MOD490,ADM,1,,,,2026-04-08T14:23:01.446Z,,,,2026-04-08T14:23:01.446Z
CP40MOD490,GN,1,,,,2026-04-08T14:23:01.446Z,,,,2026-04-08T14:23:01.446Z
CP40MOD530,RL,1,,,,2026-04-08T14:23:01.446Z,,,,2026-04-08T14:23:01.446Z
CP40MOD600,GN,1,,,,2026-04-08T14:23:01.446Z,,,,2026-04-08T14:23:01.446Z
CP40MOD610,RL,1,,,,2026-04-08T14:23:01.446Z,,,,2026-04-08T14:23:01.446Z
CP40MOD620,DIS,1,,,,2026-04-08T14:23:01.446Z,,,,2026-04-08T14:23:01.446Z
CP40MOD620,GN,1,,,,2026-04-08T14:23:01.446Z,,,,2026-04-08T14:23:01.446Z
CP40MOD650,RL,1,,,,2026-04-08T14:23:01.446Z,,,,2026-04-08T14:23:01.446Z
CP40MOD660,GN,1,,,,2026-04-08T14:23:01.446Z,,,,2026-04-08T14:23:01.446Z
CP40MOD670,GN,1,,,,2026-04-08T14:23:01.446Z,,,,2026-04-08T14:23:01.446Z
CP40MOD680,RL,1,,,,2026-04-08T14:23:01.446Z,,,,2026-04-08T14:23:01.446Z
CP40MOD690,RL,1,,,,2026-04-08T14:23:01.446Z,,,,2026-04-08T14:23:01.446Z
CP40MOD700,RL,1,,,,2026-04-08T14:23:01.446Z,,,,2026-04-08T14:23:01.446Z
CP40MOD710,RL,1,,,,2026-04-08T14:23:01.446Z,,,,2026-04-08T14:23:01.446Z
CP40MOD720,RL,1,,,,2026-04-08T14:23:01.446Z,,,,2026-04-08T14:23:01.446Z
CP40MOD730,RL,1,,,,2026-04-08T14:23:01.446Z,,,,2026-04-08T14:23:01.446Z
CP40MOD740,RL,1,,,,2026-04-08T14:23:01.446Z,,,,2026-04-08T14:23:01.446Z
CP40MOD745,RL,1,,,,2026-04-08T14:23:01.446Z,,,,2026-04-08T14:23:01.446Z
CP40MOD750,RL,1,,,,2026-04-08T14:23:01.446Z,,,,2026-04-08T14:23:01.446Z
CP40MOD801,RL,1,,,,2026-04-08T14:23:01.446Z,,,,2026-04-08T14:23:01.446Z
CP40MOD900,RL,1,,,,2026-04-08T14:23:01.446Z,,,,2026-04-08T14:23:01.446Z
CP40SEM010,GN,1,,,,2026-04-08T14:23:01.446Z,,,,2026-04-08T14:23:01.446Z
CP40SEM020,GN,1,,,,2026-04-08T14:23:01.446Z,,,,2026-04-08T14:23:01.446Z
CP4CV0617,GN,1,,,,2026-04-08T14:23:01.446Z,,,,2026-04-08T14:23:01.446Z
CP4CV1017,GN,1,,,,2026-04-08T14:23:01.446Z,,,,2026-04-08T14:23:01.446Z
CPCAPNE,RL,1,,,,2026-04-08T14:23:01.446Z,,,,2026-04-08T14:23:01.446Z
CPCAPR8,RL,1,,,,2026-04-08T14:23:01.446Z,,,,2026-04-08T14:23:01.446Z
CPCONC521,GN,1,,,,2026-04-08T14:23:01.446Z,,,,2026-04-08T14:23:01.446Z
CPDE621,GN,1,,,,2026-04-08T14:23:01.446Z,,,,2026-04-08T14:23:01.446Z
CPDIST2018,DIS,1,,,,2026-04-08T14:23:01.446Z,,,,2026-04-08T14:23:01.446Z
CPDIST2018,GN,1,,,,2026-04-08T14:23:01.446Z,,,,2026-04-08T14:23:01.446Z
CPDISTCHAR,DIS,1,,,,2026-04-08T14:23:01.446Z,,,,2026-04-08T14:23:01.446Z
CPDR721,GN,1,,,,2026-04-08T14:23:01.446Z,,,,2026-04-08T14:23:01.446Z
CPDRJUR22,GN,1,,,,2026-04-08T14:23:01.446Z,,,,2026-04-08T14:23:01.446Z
CPDRJUR23,GN,1,,,,2026-04-08T14:23:01.446Z,,,,2026-04-08T14:23:01.446Z
CPDSNO2022,GN,1,,,,2026-04-08T14:23:01.446Z,,,,2026-04-08T14:23:01.446Z
CPFEF1,GN,1,,,,2026-04-08T14:23:01.446Z,,,,2026-04-08T14:23:01.446Z
CPFETFHKA,GN,1,,,,2026-04-08T14:23:01.446Z,,,,2026-04-08T14:23:01.446Z
CPFORM2516,GN,1,,,,2026-04-08T14:23:01.446Z,,,,2026-04-08T14:23:01.446Z
CPNE1,GN,1,,,,2026-04-08T14:23:01.446Z,,,,2026-04-08T14:23:01.446Z
CPNE1021,GN,1,,,,2026-04-08T14:23:01.446Z,,,,2026-04-08T14:23:01.446Z
CPNE421,GN,1,,,,2026-04-08T14:23:01.446Z,,,,2026-04-08T14:23:01.446Z
CPNE521,GN,1,,,,2026-04-08T14:23:01.446Z,,,,2026-04-08T14:23:01.446Z
CPNE821,GN,1,,,,2026-04-08T14:23:01.446Z,,,,2026-04-08T14:23:01.446Z
CURSOSFE,GN,1,,,,2026-04-08T14:23:01.446Z,,,,2026-04-08T14:23:01.446Z
CVMCPC,GN,1,,,,2026-04-08T14:23:01.446Z,,,,2026-04-08T14:23:01.446Z
CVMCPN,GN,1,,,,2026-04-08T14:23:01.446Z,,,,2026-04-08T14:23:01.446Z
DEAE0925,RL,1,,,,2026-04-08T14:23:01.446Z,,,,2026-04-08T14:23:01.446Z
DEVSDIAN,RL,1,,,,2026-04-08T14:23:01.446Z,,,,2026-04-08T14:23:01.446Z
DISTCOM001,DIS,1,,,,2026-04-08T14:23:01.446Z,,,,2026-04-08T14:23:01.446Z
DISTCOM001,GN,1,,,,2026-04-08T14:23:01.446Z,,,,2026-04-08T14:23:01.446Z
DISTNE,DIS,1,,,,2026-04-08T14:23:01.446Z,,,,2026-04-08T14:23:01.446Z
DISTNE,GN,1,,,,2026-04-08T14:23:01.446Z,,,,2026-04-08T14:23:01.446Z
DOCE210126,RL,1,,,,2026-04-08T14:23:01.446Z,,,,2026-04-08T14:23:01.446Z
DOCSOPNO22,GN,1,,,,2026-04-08T14:23:01.446Z,,,,2026-04-08T14:23:01.446Z
DRENPNAT22,GN,1,,,,2026-04-08T14:23:01.446Z,,,,2026-04-08T14:23:01.446Z
DRPJ,RL,1,,,,2026-04-08T14:23:01.446Z,,,,2026-04-08T14:23:01.446Z
DRPN,RL,1,,,,2026-04-08T14:23:01.446Z,,,,2026-04-08T14:23:01.446Z
DRPN-AG22,GN,1,,,,2026-04-08T14:23:01.446Z,,,,2026-04-08T14:23:01.446Z
DRPN-AG23,GN,1,,,,2026-04-08T14:23:01.446Z,,,,2026-04-08T14:23:01.446Z
DRPN-BENEF,GN,1,,,,2026-04-08T14:23:01.446Z,,,,2026-04-08T14:23:01.446Z
DRPN-CASOS,GN,1,,,,2026-04-08T14:23:01.446Z,,,,2026-04-08T14:23:01.446Z
DSNO2022,RL,1,,,,2026-04-08T14:23:01.446Z,,,,2026-04-08T14:23:01.446Z
EDCES,RL,1,,,,2026-04-08T14:23:01.446Z,,,,2026-04-08T14:23:01.446Z
EMPRE-2023,GN,1,,,,2026-04-08T14:23:01.446Z,,,,2026-04-08T14:23:01.446Z
EXO-AG2023,GN,1,,,,2026-04-08T14:23:01.446Z,,,,2026-04-08T14:23:01.446Z
EXÓ2022,GN,1,,,,2026-04-08T14:23:01.446Z,,,,2026-04-08T14:23:01.446Z
EXOAG22,GN,1,,,,2026-04-08T14:23:01.446Z,,,,2026-04-08T14:23:01.446Z
EXOG2022,GN,1,,,,2026-04-08T14:23:01.446Z,,,,2026-04-08T14:23:01.446Z
FACELE,RL,1,,,,2026-04-08T14:23:01.446Z,,,,2026-04-08T14:23:01.446Z
FACTELEC,GN,1,,,,2026-04-08T14:23:01.446Z,,,,2026-04-08T14:23:01.446Z
FE-POS-24,GN,1,,,,2026-04-08T14:23:01.446Z,,,,2026-04-08T14:23:01.446Z
FEPCE1025,RL,1,,,,2026-04-08T14:23:01.446Z,,,,2026-04-08T14:23:01.446Z
FORBASCOM,DIS,1,,,,2026-04-08T14:23:01.446Z,,,,2026-04-08T14:23:01.446Z
FORBASCOM,RL,1,,,,2026-04-08T14:23:01.446Z,,,,2026-04-08T14:23:01.446Z
GESTTELE01,GN,1,,,,2026-04-08T14:23:01.446Z,,,,2026-04-08T14:23:01.446Z
HAB-FE-23,RL,1,,,,2026-04-08T14:23:01.446Z,,,,2026-04-08T14:23:01.446Z
ICURSO,ID,1,,,,2026-04-08T14:23:01.446Z,,,,2026-04-08T14:23:01.446Z
INDFIN2022,GN,1,,,,2026-04-08T14:23:01.446Z,,,,2026-04-08T14:23:01.446Z
INFEXOCP22,GN,1,,,,2026-04-08T14:23:01.446Z,,,,2026-04-08T14:23:01.446Z
ING01,RL,1,,,,2026-04-08T14:23:01.446Z,,,,2026-04-08T14:23:01.446Z
MEMSEM1,RL,1,,,,2026-04-08T14:23:01.446Z,,,,2026-04-08T14:23:01.446Z
MIESCA,RL,1,,,,2026-04-08T14:23:01.446Z,,,,2026-04-08T14:23:01.446Z
MIGRADORR8,GN,1,,,,2026-04-08T14:23:01.446Z,,,,2026-04-08T14:23:01.446Z
NIIF-2023,GN,1,,,,2026-04-08T14:23:01.446Z,,,,2026-04-08T14:23:01.446Z
NRT191125,RL,1,,,,2026-04-08T14:23:01.446Z,,,,2026-04-08T14:23:01.446Z
NUEVOCPR8,GN,1,,,,2026-04-08T14:23:01.446Z,,,,2026-04-08T14:23:01.446Z
POS-FE-23,GN,1,,,,2026-04-08T14:23:01.446Z,,,,2026-04-08T14:23:01.446Z
PREPNE2022,GN,1,,,,2026-04-08T14:23:01.446Z,,,,2026-04-08T14:23:01.446Z
PRESCOM-NE,GN,1,,,,2026-04-08T14:23:01.446Z,,,,2026-04-08T14:23:01.446Z
PRESCOM-NE,RL,1,,,,2026-04-08T14:23:01.446Z,,,,2026-04-08T14:23:01.446Z
PRESCOM22,GN,1,,,,2026-04-08T14:23:01.446Z,,,,2026-04-08T14:23:01.446Z
PRESCOMAW,RL,1,,,,2026-04-08T14:23:01.446Z,,,,2026-04-08T14:23:01.446Z
PRESCOMCP,GN,1,,,,2026-04-08T14:23:01.446Z,,,,2026-04-08T14:23:01.446Z
PRIMA0623,GN,1,,,,2026-04-08T14:23:01.446Z,,,,2026-04-08T14:23:01.446Z
PRIPASDEMO,GN,1,,,,2026-04-08T14:23:01.446Z,,,,2026-04-08T14:23:01.446Z
PRUEBA,CN,1,,,,2026-04-08T14:23:01.446Z,,,,2026-04-08T14:23:01.446Z
PRUEBA,DIS,1,,,,2026-04-08T14:23:01.446Z,,,,2026-04-08T14:23:01.446Z
PRUEBA,GN,1,,,,2026-04-08T14:23:01.446Z,,,,2026-04-08T14:23:01.446Z
PRUEBA,RL,1,,,,2026-04-08T14:23:01.446Z,,,,2026-04-08T14:23:01.446Z
PRUEBASVID,RL,1,,,,2026-04-08T14:23:01.446Z,,,,2026-04-08T14:23:01.446Z
PTOV-POS23,GN,1,,,,2026-04-08T14:23:01.446Z,,,,2026-04-08T14:23:01.446Z
READM,RL,1,,,,2026-04-08T14:23:01.446Z,,,,2026-04-08T14:23:01.446Z
REAL-DE822,GN,1,,,,2026-04-08T14:23:01.446Z,,,,2026-04-08T14:23:01.446Z
REC-DOC-22,RL,1,,,,2026-04-08T14:23:01.446Z,,,,2026-04-08T14:23:01.446Z
RECART,RL,1,,,,2026-04-08T14:23:01.446Z,,,,2026-04-08T14:23:01.446Z
RECDOCCP22,GN,1,,,,2026-04-08T14:23:01.446Z,,,,2026-04-08T14:23:01.446Z
RECEPDOC22,GN,1,,,,2026-04-08T14:23:01.446Z,,,,2026-04-08T14:23:01.446Z
RECONT,RL,1,,,,2026-04-08T14:23:01.446Z,,,,2026-04-08T14:23:01.446Z
REDEL,RL,1,,,,2026-04-08T14:23:01.446Z,,,,2026-04-08T14:23:01.446Z
REDES,RL,1,,,,2026-04-08T14:23:01.446Z,,,,2026-04-08T14:23:01.446Z
REFOTRIB22,GN,1,,,,2026-04-08T14:23:01.446Z,,,,2026-04-08T14:23:01.446Z
REFOTRIB24,RL,1,,,,2026-04-08T14:23:01.446Z,,,,2026-04-08T14:23:01.446Z
REINV,RL,1,,,,2026-04-08T14:23:01.446Z,,,,2026-04-08T14:23:01.446Z
RENTA-AG22,GN,1,,,,2026-04-08T14:23:01.446Z,,,,2026-04-08T14:23:01.446Z
RES-165,GN,1,,,,2026-04-08T14:23:01.446Z,,,,2026-04-08T14:23:01.446Z
RETEC,RL,1,,,,2026-04-08T14:23:01.446Z,,,,2026-04-08T14:23:01.446Z
RL2025,RL,1,,,,2026-04-08T14:23:01.446Z,,,,2026-04-08T14:23:01.446Z
RLSM120226,RL,1,,,,2026-04-08T14:23:01.446Z,,,,2026-04-08T14:23:01.446Z
RLYPCAE,RL,1,,,,2026-04-08T14:23:01.446Z,,,,2026-04-08T14:23:01.446Z
SE281025,RL,1,,,,2026-04-08T14:23:01.446Z,,,,2026-04-08T14:23:01.446Z
SEER1025,RL,1,,,,2026-04-08T14:23:01.446Z,,,,2026-04-08T14:23:01.446Z
SINIVA2021,GN,1,,,,2026-04-08T14:23:01.446Z,,,,2026-04-08T14:23:01.446Z
SUMMIT,RL,1,,,,2026-04-08T14:23:01.446Z,,,,2026-04-08T14:23:01.446Z
SUMMIT2020,GN,1,,,,2026-04-08T14:23:01.446Z,,,,2026-04-08T14:23:01.446Z
SUMMIT2022,GN,1,,,,2026-04-08T14:23:01.446Z,,,,2026-04-08T14:23:01.446Z
SUMMIT2024,RL,1,,,,2026-04-08T14:23:01.446Z,,,,2026-04-08T14:23:01.446Z
TELETRAB,AD,1,,,,2026-04-08T14:23:01.446Z,,,,2026-04-08T14:23:01.446Z
TELETRAB,AE,1,,,,2026-04-08T14:23:01.446Z,,,,2026-04-08T14:23:01.446Z
TELETRAB,AF,1,,,,2026-04-08T14:23:01.446Z,,,,2026-04-08T14:23:01.446Z
TELETRAB,CB,1,,,,2026-04-08T14:23:01.446Z,,,,2026-04-08T14:23:01.446Z
TELETRAB,CN,1,,,,2026-04-08T14:23:01.446Z,,,,2026-04-08T14:23:01.446Z
TELETRAB,CO,1,,,,2026-04-08T14:23:01.446Z,,,,2026-04-08T14:23:01.446Z
TELETRAB,IN,1,,,,2026-04-08T14:23:01.446Z,,,,2026-04-08T14:23:01.446Z
TELETRAB,IP,1,,,,2026-04-08T14:23:01.446Z,,,,2026-04-08T14:23:01.446Z
TESTAPRIET,GN,1,,,,2026-04-08T14:23:01.446Z,,,,2026-04-08T14:23:01.446Z
TMT2024,GN,1,,,,2026-04-08T14:23:01.446Z,,,,2026-04-08T14:23:01.446Z
TRIBUT2022,GN,1,,,,2026-04-08T14:23:01.446Z,,,,2026-04-08T14:23:01.446Z
VPACOMERCI,RL,1,,,,2026-04-08T14:23:01.446Z,,,,2026-04-08T14:23:01.446Z
VPAUXCONTA,RL,1,,,,2026-04-08T14:23:01.446Z,,,,2026-04-08T14:23:01.446Z
VPCONTADOR,RL,1,,,,2026-04-08T14:23:01.446Z,,,,2026-04-08T14:23:01.446Z
VPFACTURA,RL,1,,,,2026-04-08T14:23:01.446Z,,,,2026-04-08T14:23:01.446Z
VPGCOMERCI,RL,1,,,,2026-04-08T14:23:01.446Z,,,,2026-04-08T14:23:01.446Z
VPJBODEGA,RL,1,,,,2026-04-08T14:23:01.446Z,,,,2026-04-08T14:23:01.446Z
VPREVISORF,RL,1,,,,2026-04-08T14:23:01.446Z,,,,2026-04-08T14:23:01.446Z
ZZZZZZZZZZ,GN,1,,,,2026-04-08T14:23:01.446Z,,,,2026-04-08T14:23:01.446Z